-- MySQL dump 10.13  Distrib 5.7.12, for Win64 (x86_64)
--
-- Host: 127.0.0.1    Database: test
-- ------------------------------------------------------
-- Server version	5.5.5-10.1.14-MariaDB

/*!40101 SET @OLD_CHARACTER_SET_CLIENT=@@CHARACTER_SET_CLIENT */;
/*!40101 SET @OLD_CHARACTER_SET_RESULTS=@@CHARACTER_SET_RESULTS */;
/*!40101 SET @OLD_COLLATION_CONNECTION=@@COLLATION_CONNECTION */;
/*!40101 SET NAMES utf8 */;
/*!40103 SET @OLD_TIME_ZONE=@@TIME_ZONE */;
/*!40103 SET TIME_ZONE='+00:00' */;
/*!40014 SET @OLD_UNIQUE_CHECKS=@@UNIQUE_CHECKS, UNIQUE_CHECKS=0 */;
/*!40014 SET @OLD_FOREIGN_KEY_CHECKS=@@FOREIGN_KEY_CHECKS, FOREIGN_KEY_CHECKS=0 */;
/*!40101 SET @OLD_SQL_MODE=@@SQL_MODE, SQL_MODE='NO_AUTO_VALUE_ON_ZERO' */;
/*!40111 SET @OLD_SQL_NOTES=@@SQL_NOTES, SQL_NOTES=0 */;

--
-- Table structure for table `sso_local_static_route`
--

DROP TABLE IF EXISTS `sso_local_static_route`;
/*!40101 SET @saved_cs_client     = @@character_set_client */;
/*!40101 SET character_set_client = utf8 */;
CREATE TABLE `sso_local_static_route` (
  `uuid` varchar(60) DEFAULT NULL,
  `url` varchar(200) DEFAULT NULL COMMENT '本地服务路由前缀',
  `path` varchar(200) DEFAULT NULL COMMENT '本地静态文件路径',
  `create_user` varchar(30) DEFAULT NULL,
  `create_time` datetime DEFAULT NULL,
  `modify_user` varchar(30) DEFAULT NULL,
  `modify_time` datetime DEFAULT NULL
) ENGINE=InnoDB DEFAULT CHARSET=utf8 COMMENT='静态资源管理';
/*!40101 SET character_set_client = @saved_cs_client */;

--
-- Dumping data for table `sso_local_static_route`
--

LOCK TABLES `sso_local_static_route` WRITE;
/*!40000 ALTER TABLE `sso_local_static_route` DISABLE KEYS */;
INSERT INTO `sso_local_static_route` VALUES ('7462083b-7205-11e7-963e-a0c58951c8d5','/images','ext/dispatch/static/images','admin','2017-01-01 12:12:12','admin','2017-01-01 12:12:12');
/*!40000 ALTER TABLE `sso_local_static_route` ENABLE KEYS */;
UNLOCK TABLES;

--
-- Table structure for table `sso_proxy_static_route`
--

DROP TABLE IF EXISTS `sso_proxy_static_route`;
/*!40101 SET @saved_cs_client     = @@character_set_client */;
/*!40101 SET character_set_client = utf8 */;
CREATE TABLE `sso_proxy_static_route` (
  `uuid` varchar(60) NOT NULL,
  `register_url` varchar(200) NOT NULL COMMENT 'api接口',
  `route_desc` varchar(100) DEFAULT NULL COMMENT '服务名称',
  `service_cd` varchar(45) DEFAULT NULL,
  `remote_url` varchar(200) DEFAULT NULL COMMENT '目标系统url',
  `create_user` varchar(45) DEFAULT NULL,
  `create_time` datetime DEFAULT NULL COMMENT '创建时间',
  `modify_user` varchar(45) DEFAULT NULL,
  `modify_time` datetime DEFAULT NULL,
  PRIMARY KEY (`uuid`,`register_url`),
  KEY `fk_sso_proxy_static001_idx` (`service_cd`),
  CONSTRAINT `fk_sso_proxy_static001` FOREIGN KEY (`service_cd`) REFERENCES `sso_remote_service` (`service_cd`) ON DELETE NO ACTION ON UPDATE NO ACTION
) ENGINE=InnoDB DEFAULT CHARSET=utf8;
/*!40101 SET character_set_client = @saved_cs_client */;

--
-- Dumping data for table `sso_proxy_static_route`
--

LOCK TABLES `sso_proxy_static_route` WRITE;
/*!40000 ALTER TABLE `sso_proxy_static_route` DISABLE KEYS */;
INSERT INTO `sso_proxy_static_route` VALUES ('16667612-74cd-11e7-96a9-a0c58951c8d5','/static/img/user.png',NULL,'baidu','/AM/static/img/user.png',NULL,NULL,NULL,NULL),('16667b9b-74cd-11e7-96a9-a0c58951c8d5','/static/img/tianjian.png',NULL,'baidu','/AM/static/img/tianjian.png',NULL,NULL,NULL,NULL),('16667c79-74cd-11e7-96a9-a0c58951c8d5','/static/js/placeholder_plugin.js',NULL,'baidu','/AM/static/js/placeholder_plugin.js',NULL,NULL,NULL,NULL),('16667d0a-74cd-11e7-96a9-a0c58951c8d5','/static/js/plugins/layer/layer.min.js',NULL,'baidu','/AM/static/js/plugins/layer/layer.min.js',NULL,NULL,NULL,NULL),('16667d92-74cd-11e7-96a9-a0c58951c8d5','/static/js/plugins/layer/skin/layer.css',NULL,'baidu','/AM/static/js/plugins/layer/skin/layer.css',NULL,NULL,NULL,NULL),('16667e5f-74cd-11e7-96a9-a0c58951c8d5','/getloginUser',NULL,'baidu','/AM/getloginUser',NULL,NULL,NULL,NULL),('16667ef9-74cd-11e7-96a9-a0c58951c8d5','/static/fonts/fontawesome-webfont.ttf',NULL,'baidu','/AM/static/fonts/fontawesome-webfont.ttf',NULL,NULL,NULL,NULL),('16668045-74cd-11e7-96a9-a0c58951c8d5','/validLogin',NULL,'baidu','/AM/validLogin',NULL,NULL,NULL,NULL),('166680ca-74cd-11e7-96a9-a0c58951c8d5','/static/js/jquery.min.js',NULL,'baidu','/AM/static/js/jquery.min.js',NULL,NULL,NULL,NULL),('16668156-74cd-11e7-96a9-a0c58951c8d5','/static/img/locked.png',NULL,'baidu','/AM/static/img/locked.png',NULL,NULL,NULL,NULL),('166681fd-74cd-11e7-96a9-a0c58951c8d5','/static/fonts/fontawesome-webfont.woff',NULL,'baidu','/AM/static/fonts/fontawesome-webfont.woff',NULL,NULL,NULL,NULL),('166684ac-74cd-11e7-96a9-a0c58951c8d5','/static/css/bootstrap.min.css.map',NULL,'baidu','/AM/static/css/bootstrap.min.css.map',NULL,NULL,NULL,NULL),('1666864a-74cd-11e7-96a9-a0c58951c8d5','/static/css/login.css',NULL,'baidu','/AM/static/css/login.css',NULL,NULL,NULL,NULL),('16668712-74cd-11e7-96a9-a0c58951c8d5','/static/css/font-awesome.css',NULL,'baidu','/AM/static/css/font-awesome.css',NULL,NULL,NULL,NULL),('166689ec-74cd-11e7-96a9-a0c58951c8d5','/static/css/bootstrap.min.css',NULL,'baidu','/AM/static/css/bootstrap.min.css',NULL,NULL,NULL,NULL),('16668b12-74cd-11e7-96a9-a0c58951c8d5',' /static/img/08.jpg',NULL,'asofdate',' /static/img/08.jpg',NULL,NULL,NULL,NULL),('16668e85-74cd-11e7-96a9-a0c58951c8d5','/static/css/bootstrap.css',NULL,'asofdate','/static/css/bootstrap.css',NULL,NULL,NULL,NULL),('16668f74-74cd-11e7-96a9-a0c58951c8d5','/static/css/bootstrap.css.map',NULL,'asofdate','/static/css/bootstrap.css.map',NULL,NULL,NULL,NULL),('16669041-74cd-11e7-96a9-a0c58951c8d5','/static/css/responsive.css',NULL,'baidu','/static/css/responsive.css',NULL,NULL,NULL,NULL),('1666912c-74cd-11e7-96a9-a0c58951c8d5','/static/css/style.css',NULL,'baidu','/AM/static/css/style.css',NULL,NULL,NULL,NULL),('166691fd-74cd-11e7-96a9-a0c58951c8d5','/static/fonts/font-awesome/css/font-awesome.css',NULL,'asofdate','/static/fonts/font-awesome/css/font-awesome.css',NULL,NULL,NULL,NULL),('166692c5-74cd-11e7-96a9-a0c58951c8d5','/static/fonts/font-awesome/fonts/fontawesome-webfont.ttf',NULL,'asofdate','/static/fonts/font-awesome/fonts/fontawesome-webfont.ttf',NULL,NULL,NULL,NULL),('16669434-74cd-11e7-96a9-a0c58951c8d5','/static/fonts/font-awesome/fonts/fontawesome-webfont.woff',NULL,'asofdate','/static/fonts/font-awesome/fonts/fontawesome-webfont.woff',NULL,NULL,NULL,NULL),('166694ec-74cd-11e7-96a9-a0c58951c8d5','/static/fonts/font-awesome/fonts/fontawesome-webfont.woff2',NULL,'asofdate','/static/fonts/font-awesome/fonts/fontawesome-webfont.woff2',NULL,NULL,NULL,NULL),('1666959b-74cd-11e7-96a9-a0c58951c8d5','/static/img/01.jpg',NULL,'asofdate','/static/img/01.jpg',NULL,NULL,NULL,NULL),('16669652-74cd-11e7-96a9-a0c58951c8d5','/static/img/02.jpg',NULL,'asofdate','/static/img/02.jpg',NULL,NULL,NULL,NULL),('1666985b-74cd-11e7-96a9-a0c58951c8d5','/static/img/03.jpg',NULL,'asofdate','/static/img/03.jpg',NULL,NULL,NULL,NULL),('16669a52-74cd-11e7-96a9-a0c58951c8d5','/static/img/04.jpg',NULL,'asofdate','/static/img/04.jpg',NULL,NULL,NULL,NULL),('16669d1b-74cd-11e7-96a9-a0c58951c8d5','/static/img/05.jpg',NULL,'asofdate','/static/img/05.jpg',NULL,NULL,NULL,NULL),('16669f2c-74cd-11e7-96a9-a0c58951c8d5','/static/img/06.jpg',NULL,'asofdate','/static/img/06.jpg',NULL,NULL,NULL,NULL),('1666a00a-74cd-11e7-96a9-a0c58951c8d5','/static/img/07.jpg',NULL,'asofdate','/static/img/07.jpg',NULL,NULL,NULL,NULL),('1666a0ca-74cd-11e7-96a9-a0c58951c8d5','/static/img/08.jpg',NULL,'asofdate','/static/img/08.jpg',NULL,NULL,NULL,NULL),('1666a152-74cd-11e7-96a9-a0c58951c8d5','/static/img/09.jpg',NULL,'asofdate','/static/img/09.jpg',NULL,NULL,NULL,NULL),('1666a1e7-74cd-11e7-96a9-a0c58951c8d5','/static/img/10.jpg',NULL,'asofdate','/static/img/10.jpg',NULL,NULL,NULL,NULL),('1666a2b0-74cd-11e7-96a9-a0c58951c8d5','/static/js/bootstrap.min.js',NULL,'asofdate','/static/js/bootstrap.min.js',NULL,NULL,NULL,NULL),('1666a3a3-74cd-11e7-96a9-a0c58951c8d5','/static/js/jquery.1.11.1.js',NULL,'asofdate','/static/js/jquery.1.11.1.js',NULL,NULL,NULL,NULL),('1666a47d-74cd-11e7-96a9-a0c58951c8d5','/static/js/main.js',NULL,'asofdate','/static/js/main.js',NULL,NULL,NULL,NULL),('1666a57d-74cd-11e7-96a9-a0c58951c8d5','/static/js/modernizr.custom.js',NULL,'asofdate','/static/js/modernizr.custom.js',NULL,NULL,NULL,NULL),('1666a65f-74cd-11e7-96a9-a0c58951c8d5','/static/img/Auth_02.png',NULL,'baidu','/AM/static/img/Auth_02.png',NULL,NULL,NULL,NULL);
/*!40000 ALTER TABLE `sso_proxy_static_route` ENABLE KEYS */;
UNLOCK TABLES;

--
-- Table structure for table `sso_remote_service`
--

DROP TABLE IF EXISTS `sso_remote_service`;
/*!40101 SET @saved_cs_client     = @@character_set_client */;
/*!40101 SET character_set_client = utf8 */;
CREATE TABLE `sso_remote_service` (
  `service_cd` varchar(60) NOT NULL COMMENT '子系统编码',
  `remote_scheme` varchar(5) DEFAULT NULL COMMENT '协议名称，如http,https',
  `remote_host` varchar(100) DEFAULT NULL COMMENT '子系统主机名',
  `remote_port` varchar(5) DEFAULT NULL COMMENT '端口号',
  `create_time` datetime DEFAULT NULL COMMENT '创建时间',
  `modify_time` datetime DEFAULT NULL COMMENT '修改日期',
  `create_user` varchar(45) DEFAULT NULL COMMENT '创建人',
  `modify_user` varchar(45) DEFAULT NULL COMMENT '最近修改人',
  `service_name` varchar(200) DEFAULT NULL COMMENT '服务名称',
  `prefix_url` varchar(200) DEFAULT NULL COMMENT '表示这个子系统中所有服务的前缀',
  PRIMARY KEY (`service_cd`)
) ENGINE=InnoDB DEFAULT CHARSET=utf8 COMMENT='系统注册';
/*!40101 SET character_set_client = @saved_cs_client */;

--
-- Dumping data for table `sso_remote_service`
--

LOCK TABLES `sso_remote_service` WRITE;
/*!40000 ALTER TABLE `sso_remote_service` DISABLE KEYS */;
INSERT INTO `sso_remote_service` VALUES ('asofdate','http','www.asofdate.com','80','2017-01-01 12:12:12','2017-01-01 12:12:12','demo','demo','组织官网',NULL),('baidu','http','120.77.85.12','8080','2017-07-27 14:44:26','2017-07-28 21:46:09','admin','admin','AM',NULL),('dispatch','https','www.asofdate.com','443','2017-01-01 12:12:12','2017-07-28 21:44:20','demo','admin','调度系统',NULL);
/*!40000 ALTER TABLE `sso_remote_service` ENABLE KEYS */;
UNLOCK TABLES;

--
-- Table structure for table `sso_route_register`
--

DROP TABLE IF EXISTS `sso_route_register`;
/*!40101 SET @saved_cs_client     = @@character_set_client */;
/*!40101 SET character_set_client = utf8 */;
CREATE TABLE `sso_route_register` (
  `uuid` varchar(60) NOT NULL COMMENT '系统唯一标识',
  `service_cd` varchar(60) DEFAULT NULL COMMENT '远程服务器编码',
  `register_url` varchar(200) DEFAULT NULL COMMENT 'api接口',
  `route_desc` varchar(100) DEFAULT NULL COMMENT '服务名称',
  `remote_url` varchar(200) DEFAULT NULL COMMENT '目标系统url',
  `create_user` varchar(45) DEFAULT NULL COMMENT '创建人',
  `create_time` datetime DEFAULT NULL COMMENT '创建时间',
  `modify_user` varchar(30) DEFAULT NULL COMMENT '最近修改人',
  `modify_time` datetime DEFAULT NULL COMMENT '最近修改时间',
  PRIMARY KEY (`uuid`),
  KEY `fk_sso_route_reg001_idx` (`service_cd`),
  CONSTRAINT `fk_sso_route_reg001` FOREIGN KEY (`service_cd`) REFERENCES `sso_remote_service` (`service_cd`) ON DELETE NO ACTION ON UPDATE NO ACTION
) ENGINE=InnoDB DEFAULT CHARSET=utf8 COMMENT='api注册';
/*!40101 SET character_set_client = @saved_cs_client */;

--
-- Dumping data for table `sso_route_register`
--

LOCK TABLES `sso_route_register` WRITE;
/*!40000 ALTER TABLE `sso_route_register` DISABLE KEYS */;
INSERT INTO `sso_route_register` VALUES ('04f3c38a-729f-11e7-963e-a0c58951c8d5','baidu','/v1/auth/index/entry','组织官方首页','/AM/init_login',NULL,'2017-01-01 12:12:12','admin','2017-07-28 22:44:57'),('04f3ca3e-729f-11e7-963e-a0c58951c8d5','dispatch','/v1/auth/index/entry','调度主菜单','/v1/auth/index/entry',NULL,'2017-01-01 12:12:12',NULL,NULL),('04f3cc4f-729f-11e7-963e-a0c58951c8d5','dispatch','/v1/auth/main/menu','批次调度系统','/v1/auth/main/menu',NULL,'2017-01-01 12:12:12',NULL,NULL),('04f3ccbe-729f-11e7-963e-a0c58951c8d5','dispatch','/v1/dispatch/argument/define','任务参数定义','/v1/dispatch/argument/define',NULL,'2017-01-01 12:12:12',NULL,NULL),('04f3cd17-729f-11e7-963e-a0c58951c8d5','dispatch','/v1/dispatch/argument/page','任务参数定义页面','/v1/dispatch/argument/page',NULL,'2017-01-01 12:12:12',NULL,NULL),('123eda2c-73a8-11e7-96a9-a0c58951c8d5','asofdate','/validLogin','登录','/AM/validLogin','admin','2017-07-28 23:18:55','admin','2017-07-28 23:18:55'),('e3be7d4b-7411-11e7-96a9-a0c58951c8d5','asofdate','/getloginUser','登录','/AM/getloginUser','admin','2017-07-29 11:56:21','admin','2017-07-29 11:56:21');
/*!40000 ALTER TABLE `sso_route_register` ENABLE KEYS */;
UNLOCK TABLES;

--
-- Table structure for table `sys_domain_define`
--

DROP TABLE IF EXISTS `sys_domain_define`;
/*!40101 SET @saved_cs_client     = @@character_set_client */;
/*!40101 SET character_set_client = utf8 */;
CREATE TABLE `sys_domain_define` (
  `domain_id` varchar(30) NOT NULL,
  `domain_name` varchar(300) NOT NULL,
  `domain_status_id` char(1) NOT NULL,
  `domain_create_date` datetime NOT NULL,
  `domain_maintance_date` datetime DEFAULT NULL,
  `domain_maintance_user` varchar(30) DEFAULT NULL,
  `domain_owner` varchar(30) DEFAULT NULL,
  PRIMARY KEY (`domain_id`),
  KEY `fk_sys_idx_05` (`domain_status_id`),
  CONSTRAINT `fk_sys_idx_05` FOREIGN KEY (`domain_status_id`) REFERENCES `sys_domain_status_attr` (`domain_status_id`)
) ENGINE=InnoDB DEFAULT CHARSET=utf8 COMMENT='域管理';
/*!40101 SET character_set_client = @saved_cs_client */;

--
-- Dumping data for table `sys_domain_define`
--

LOCK TABLES `sys_domain_define` WRITE;
/*!40000 ALTER TABLE `sys_domain_define` DISABLE KEYS */;
INSERT INTO `sys_domain_define` VALUES ('demo','演示域','0','2017-04-12 22:01:44','2017-04-24 19:17:00','admin','admin'),('mas','管理会计','0','2017-03-01 10:58:18','2017-04-11 22:08:03','ftpadmin','admin'),('product','生产环境','1','2017-04-12 22:02:00','2017-05-16 11:22:51','admin','admin'),('vertex_root','系统顶级域空间','0','2016-12-26 16:43:19','2017-04-24 18:30:34','admin','admin');
/*!40000 ALTER TABLE `sys_domain_define` ENABLE KEYS */;
UNLOCK TABLES;

--
-- Table structure for table `sys_domain_share_info`
--

DROP TABLE IF EXISTS `sys_domain_share_info`;
/*!40101 SET @saved_cs_client     = @@character_set_client */;
/*!40101 SET character_set_client = utf8 */;
CREATE TABLE `sys_domain_share_info` (
  `uuid` varchar(66) NOT NULL,
  `domain_id` varchar(30) NOT NULL,
  `target_domain_id` varchar(30) NOT NULL,
  `Authorization_level` char(1) NOT NULL,
  `create_user` varchar(30) DEFAULT NULL,
  `create_date` date DEFAULT NULL,
  `modify_date` date DEFAULT NULL,
  `modify_user` varchar(30) DEFAULT NULL,
  PRIMARY KEY (`uuid`),
  KEY `fk_sys_domain_share_info_01_idx` (`domain_id`),
  CONSTRAINT `fk_sys_domain_share_info_01` FOREIGN KEY (`domain_id`) REFERENCES `sys_domain_define` (`domain_id`) ON DELETE CASCADE ON UPDATE CASCADE
) ENGINE=InnoDB DEFAULT CHARSET=utf8;
/*!40101 SET character_set_client = @saved_cs_client */;

--
-- Dumping data for table `sys_domain_share_info`
--

LOCK TABLES `sys_domain_share_info` WRITE;
/*!40000 ALTER TABLE `sys_domain_share_info` DISABLE KEYS */;
INSERT INTO `sys_domain_share_info` VALUES ('40ffac77-1a72-11e7-9d82-a0c58951c8d5','mas','devops_product','2','demo','2017-04-06','2017-04-24','admin'),('662dc075-1f88-11e7-9677-a0c58951c8d5','vertex_root','324354325','2','admin','2017-04-12','2017-04-12','admin'),('9d5d6dd4-1f88-11e7-9677-a0c58951c8d5','product','vertex_root','2','admin','2017-04-12','2017-04-12','admin'),('a47eeddc-1f88-11e7-9677-a0c58951c8d5','product','demo','1','admin','2017-04-12','2017-04-12','admin'),('a6d2f828-1f88-11e7-9677-a0c58951c8d5','product','devops_product','1','admin','2017-04-12','2017-04-12','admin');
/*!40000 ALTER TABLE `sys_domain_share_info` ENABLE KEYS */;
UNLOCK TABLES;

--
-- Table structure for table `sys_domain_status_attr`
--

DROP TABLE IF EXISTS `sys_domain_status_attr`;
/*!40101 SET @saved_cs_client     = @@character_set_client */;
/*!40101 SET character_set_client = utf8 */;
CREATE TABLE `sys_domain_status_attr` (
  `domain_status_id` char(1) NOT NULL,
  `domain_status_name` varchar(300) DEFAULT NULL,
  PRIMARY KEY (`domain_status_id`)
) ENGINE=InnoDB DEFAULT CHARSET=utf8;
/*!40101 SET character_set_client = @saved_cs_client */;

--
-- Dumping data for table `sys_domain_status_attr`
--

LOCK TABLES `sys_domain_status_attr` WRITE;
/*!40000 ALTER TABLE `sys_domain_status_attr` DISABLE KEYS */;
INSERT INTO `sys_domain_status_attr` VALUES ('0','正常'),('1','锁定'),('2','失效');
/*!40000 ALTER TABLE `sys_domain_status_attr` ENABLE KEYS */;
UNLOCK TABLES;

--
-- Table structure for table `sys_handle_logs`
--

DROP TABLE IF EXISTS `sys_handle_logs`;
/*!40101 SET @saved_cs_client     = @@character_set_client */;
/*!40101 SET character_set_client = utf8 */;
CREATE TABLE `sys_handle_logs` (
  `uuid` varchar(60) NOT NULL,
  `user_id` varchar(30) DEFAULT NULL,
  `handle_time` datetime DEFAULT NULL,
  `client_ip` varchar(30) DEFAULT NULL,
  `status_code` varchar(10) DEFAULT NULL,
  `method` varchar(45) DEFAULT NULL,
  `url` varchar(45) DEFAULT NULL,
  `data` varchar(3000) DEFAULT NULL,
  `domain_id` varchar(30) DEFAULT NULL,
  PRIMARY KEY (`uuid`)
) ENGINE=InnoDB DEFAULT CHARSET=utf8;
/*!40101 SET character_set_client = @saved_cs_client */;

--
-- Dumping data for table `sys_handle_logs`
--

LOCK TABLES `sys_handle_logs` WRITE;
/*!40000 ALTER TABLE `sys_handle_logs` DISABLE KEYS */;
INSERT INTO `sys_handle_logs` VALUES ('043819c8-76c8-11e7-96a9-a0c58951c8d5','admin','2017-08-01 22:44:50','127.0.0.1','200','GET','/HomePage','{}','vertex_root'),('043862cd-76c8-11e7-96a9-a0c58951c8d5','admin','2017-08-01 22:44:50','127.0.0.1','200','GET','/v1/auth/main/menu','{\"Id\":\"-1\",\"TypeId\":\"0\"}','vertex_root'),('0bcb6c2c-76c8-11e7-96a9-a0c58951c8d5','admin','2017-08-01 22:45:03','127.0.0.1','200','GET','/AM/init_login','{\"Id\":\"1200000000\",\"innerFlag\":\"false\"}','vertex_root'),('10256fb3-76c8-11e7-96a9-a0c58951c8d5','admin','2017-08-01 22:45:10','127.0.0.1','200','GET','/HomePage','{}','vertex_root'),('1025d784-76c8-11e7-96a9-a0c58951c8d5','admin','2017-08-01 22:45:10','127.0.0.1','200','GET','/v1/auth/main/menu','{\"Id\":\"-1\",\"TypeId\":\"0\"}','vertex_root'),('158d3b74-7592-11e7-96a9-a0c58951c8d5','admin','2017-07-31 09:46:24','127.0.0.1','200','GET','/HomePage','{}','vertex_root'),('158d562f-7592-11e7-96a9-a0c58951c8d5','admin','2017-07-31 09:46:24','127.0.0.1','200','GET','/v1/auth/main/menu','{\"Id\":\"-1\",\"TypeId\":\"0\"}','vertex_root'),('158d6c74-7592-11e7-96a9-a0c58951c8d5','admin','2017-07-31 09:46:24','127.0.0.1','200','GET','/v1/auth/index/entry','{\"Id\":\"0100000000\",\"innerFlag\":\"true\"}','vertex_root'),('158d8245-7592-11e7-96a9-a0c58951c8d5','admin','2017-07-31 09:46:24','127.0.0.1','200','GET','/v1/auth/main/menu','{\"Id\":\"0100000000\",\"TypeId\":\"1\"}','vertex_root'),('158d9a89-7592-11e7-96a9-a0c58951c8d5','admin','2017-07-31 09:46:24','127.0.0.1','200','GET','/v1/auth/HandleLogsPage','{}','vertex_root'),('158f7105-7592-11e7-96a9-a0c58951c8d5','admin','2017-07-31 09:46:24','127.0.0.1','200','GET','/v1/auth/handle/logs','{\"limit\":\"80\",\"offset\":\"0\",\"order\":\"asc\"}','vertex_root'),('158f87cd-7592-11e7-96a9-a0c58951c8d5','admin','2017-07-31 09:46:24','127.0.0.1','200','GET','/v1/auth/batch/page','{}','vertex_root'),('158f9cc1-7592-11e7-96a9-a0c58951c8d5','admin','2017-07-31 09:46:24','127.0.0.1','200','GET','/v1/auth/domain/self/owner','{}','vertex_root'),('158fb392-7592-11e7-96a9-a0c58951c8d5','admin','2017-07-31 09:46:24','127.0.0.1','200','GET','/v1/auth/user/get','{\"domain_id\":\"\",\"limit\":\"10\",\"offset\":\"0\",\"order\":\"asc\"}','vertex_root'),('158fcaa7-7592-11e7-96a9-a0c58951c8d5','admin','2017-07-31 09:46:24','127.0.0.1','200','GET','/v1/auth/resource/org/get','{\"domain_id\":\"vertex_root\"}','vertex_root'),('158fe1eb-7592-11e7-96a9-a0c58951c8d5','admin','2017-07-31 09:46:24','127.0.0.1','200','GET','/HomePage','{}','vertex_root'),('158ffe9e-7592-11e7-96a9-a0c58951c8d5','admin','2017-07-31 09:46:24','127.0.0.1','200','GET','/v1/auth/main/menu','{\"Id\":\"-1\",\"TypeId\":\"0\"}','vertex_root'),('159014eb-7592-11e7-96a9-a0c58951c8d5','admin','2017-07-31 09:46:24','127.0.0.1','200','GET','/v1/auth/index/entry','{\"Id\":\"0200000000\",\"innerFlag\":\"true\"}','vertex_root'),('15902b27-7592-11e7-96a9-a0c58951c8d5','admin','2017-07-31 09:46:24','127.0.0.1','200','GET','/v1/auth/main/menu','{\"Id\":\"0200000000\",\"TypeId\":\"1\"}','vertex_root'),('15904112-7592-11e7-96a9-a0c58951c8d5','admin','2017-07-31 09:46:24','127.0.0.1','200','GET','/v1/ca/cost/direction/page','{}','vertex_root'),('159055b8-7592-11e7-96a9-a0c58951c8d5','admin','2017-07-31 09:46:24','127.0.0.1','200','GET','/v1/ca/cost/direction/get','{}','vertex_root'),('159068b0-7592-11e7-96a9-a0c58951c8d5','admin','2017-07-31 09:46:24','127.0.0.1','200','GET','/v1/auth/domain/self/owner','{}','vertex_root'),('1b8c2dc1-7592-11e7-96a9-a0c58951c8d5','admin','2017-07-31 09:46:34','127.0.0.1','200','GET','/HomePage','{}','vertex_root'),('1b8c4923-7592-11e7-96a9-a0c58951c8d5','admin','2017-07-31 09:46:34','127.0.0.1','200','GET','/v1/auth/main/menu','{\"Id\":\"-1\",\"TypeId\":\"0\"}','vertex_root'),('1b8c5e81-7592-11e7-96a9-a0c58951c8d5','admin','2017-07-31 09:46:34','127.0.0.1','200','GET','/v1/auth/index/entry','{\"Id\":\"0100000000\",\"innerFlag\":\"true\"}','vertex_root'),('1b8c7063-7592-11e7-96a9-a0c58951c8d5','admin','2017-07-31 09:46:34','127.0.0.1','200','GET','/v1/auth/main/menu','{\"Id\":\"0100000000\",\"TypeId\":\"1\"}','vertex_root'),('1b8c859b-7592-11e7-96a9-a0c58951c8d5','admin','2017-07-31 09:46:34','127.0.0.1','200','GET','/v1/auth/HandleLogsPage','{}','vertex_root'),('1b8c99ac-7592-11e7-96a9-a0c58951c8d5','admin','2017-07-31 09:46:34','127.0.0.1','200','GET','/v1/auth/handle/logs','{\"limit\":\"80\",\"offset\":\"0\",\"order\":\"asc\"}','vertex_root'),('1e095b8e-75d1-11e7-96a9-a0c58951c8d5','admin','2017-07-31 17:17:37','127.0.0.1','200','GET','/v1/auth/HandleLogsPage','{}','vertex_root'),('1e0971e7-75d1-11e7-96a9-a0c58951c8d5','admin','2017-07-31 17:17:37','127.0.0.1','200','GET','/v1/auth/handle/logs','{\"limit\":\"80\",\"offset\":\"0\",\"order\":\"asc\"}','vertex_root'),('2d3f4d41-75d1-11e7-96a9-a0c58951c8d5','admin','2017-07-31 17:18:02','127.0.0.1','200','GET','/v1/auth/user/page','{}','vertex_root'),('2d3f625a-75d1-11e7-96a9-a0c58951c8d5','admin','2017-07-31 17:18:02','127.0.0.1','200','GET','/v1/auth/user/get','{\"domain_id\":\"\",\"limit\":\"10\",\"offset\":\"0\",\"order\":\"asc\"}','vertex_root'),('2d3f7545-75d1-11e7-96a9-a0c58951c8d5','admin','2017-07-31 17:18:02','127.0.0.1','200','GET','/v1/auth/domain/self/owner','{}','vertex_root'),('2d3f855f-75d1-11e7-96a9-a0c58951c8d5','admin','2017-07-31 17:18:02','127.0.0.1','200','GET','/v1/auth/resource/org/get','{\"domain_id\":\"vertex_root\"}','vertex_root'),('2d3f9445-75d1-11e7-96a9-a0c58951c8d5','admin','2017-07-31 17:18:02','127.0.0.1','200','GET','/v1/auth/user/get','{\"domain_id\":\"mas\",\"limit\":\"10\",\"offset\":\"0\",\"order\":\"asc\"}','vertex_root'),('2d3fa163-75d1-11e7-96a9-a0c58951c8d5','admin','2017-07-31 17:18:02','127.0.0.1','200','GET','/v1/auth/resource/org/get','{\"domain_id\":\"mas\"}','vertex_root'),('2d3fb2d6-75d1-11e7-96a9-a0c58951c8d5','admin','2017-07-31 17:18:02','127.0.0.1','200','GET','/v1/auth/domain/owner','{}','vertex_root'),('2d3fbfc1-75d1-11e7-96a9-a0c58951c8d5','admin','2017-07-31 17:18:02','127.0.0.1','200','GET','/v1/auth/resource/org/get','{\"domain_id\":\"mas\"}','vertex_root'),('2d3fd23d-75d1-11e7-96a9-a0c58951c8d5','admin','2017-07-31 17:18:02','127.0.0.1','419','POST','/v1/auth/user/post','{\"domainId\":\"mas\",\"userDesc\":\"2432\",\"userEmail\":\"\",\"userId\":\"432143\",\"userPasswd\":\"43243\",\"userPasswdConfirm\":\"432\",\"userPhone\":\"\",\"userStatus\":\"0\"}','vertex_root'),('4618fff7-76c8-11e7-96a9-a0c58951c8d5','admin','2017-08-01 22:46:41','127.0.0.1','200','GET','/v1/auth/index/entry','{\"Id\":\"0200000000\",\"innerFlag\":\"true\"}','vertex_root'),('46193f66-76c8-11e7-96a9-a0c58951c8d5','admin','2017-08-01 22:46:41','127.0.0.1','200','GET','/v1/auth/main/menu','{\"Id\":\"0200000000\",\"TypeId\":\"1\"}','vertex_root'),('461aafcd-76c8-11e7-96a9-a0c58951c8d5','admin','2017-08-01 22:46:41','127.0.0.1','200','GET','/v1/ca/responsibility/page','{}','vertex_root'),('461adacd-76c8-11e7-96a9-a0c58951c8d5','admin','2017-08-01 22:46:41','127.0.0.1','200','GET','/v1/auth/domain/self/owner','{}','vertex_root'),('461b073c-76c8-11e7-96a9-a0c58951c8d5','admin','2017-08-01 22:46:41','127.0.0.1','200','GET','/v1/ca/responsibility/get','{\"domain_id\":\"vertex_root\"}','vertex_root'),('461b323c-76c8-11e7-96a9-a0c58951c8d5','admin','2017-08-01 22:46:41','127.0.0.1','200','GET','/v1/ca/responsibility/get','{\"domain_id\":\"mas\"}','vertex_root'),('4f7158ec-76c8-11e7-96a9-a0c58951c8d5','admin','2017-08-01 22:46:57','127.0.0.1','200','GET','/v1/ca/amart/rules/page','{}','vertex_root'),('4f717075-76c8-11e7-96a9-a0c58951c8d5','admin','2017-08-01 22:46:57','127.0.0.1','200','GET','/v1/ca/amart/rules/get','{\"domain_id\":\"\",\"limit\":\"30\",\"offset\":\"0\",\"order\":\"asc\"}','vertex_root'),('4f7188d3-76c8-11e7-96a9-a0c58951c8d5','admin','2017-08-01 22:46:57','127.0.0.1','200','GET','/v1/ca/responsibility/get','{}','vertex_root'),('4f719cc1-76c8-11e7-96a9-a0c58951c8d5','admin','2017-08-01 22:46:57','127.0.0.1','200','GET','/v1/auth/domain/self/owner','{}','vertex_root'),('4f71b353-76c8-11e7-96a9-a0c58951c8d5','admin','2017-08-01 22:46:57','127.0.0.1','200','GET','/v1/ca/responsibility/get','{\"domain_id\":\"mas\"}','vertex_root'),('4f71e0a4-76c8-11e7-96a9-a0c58951c8d5','admin','2017-08-01 22:46:57','127.0.0.1','200','GET','/v1/ca/amart/rules/get','{\"domain_id\":\"mas\"}','vertex_root'),('4f71f979-76c8-11e7-96a9-a0c58951c8d5','admin','2017-08-01 22:46:57','127.0.0.1','200','GET','/v1/ca/amart/rules/driver/get','{\"domain_id\":\"mas\",\"order\":\"asc\",\"rule_id\":\"mas_join_0405\"}','vertex_root'),('5b4db209-76c8-11e7-96a9-a0c58951c8d5','admin','2017-08-01 22:47:16','127.0.0.1','200','GET','/v1/ca/amart/rules/driver/get','{\"domain_id\":\"mas\",\"order\":\"asc\",\"rule_id\":\"mas_join_0402\"}','vertex_root'),('5b4dc9b4-76c8-11e7-96a9-a0c58951c8d5','admin','2017-08-01 22:47:16','127.0.0.1','200','GET','/HomePage','{}','vertex_root'),('5b4ddf05-76c8-11e7-96a9-a0c58951c8d5','admin','2017-08-01 22:47:16','127.0.0.1','200','GET','/v1/auth/main/menu','{\"Id\":\"-1\",\"TypeId\":\"0\"}','vertex_root'),('5b4df7fc-76c8-11e7-96a9-a0c58951c8d5','admin','2017-08-01 22:47:16','127.0.0.1','200','GET','/v1/auth/index/entry','{\"Id\":\"0100000000\",\"innerFlag\":\"true\"}','vertex_root'),('5b4e110d-76c8-11e7-96a9-a0c58951c8d5','admin','2017-08-01 22:47:16','127.0.0.1','200','GET','/v1/auth/main/menu','{\"Id\":\"0100000000\",\"TypeId\":\"1\"}','vertex_root'),('5b4e2992-76c8-11e7-96a9-a0c58951c8d5','admin','2017-08-01 22:47:16','127.0.0.1','200','GET','/v1/auth/user/page','{}','vertex_root'),('5b4e3d89-76c8-11e7-96a9-a0c58951c8d5','admin','2017-08-01 22:47:16','127.0.0.1','200','GET','/v1/auth/user/get','{\"domain_id\":\"\",\"limit\":\"10\",\"offset\":\"0\",\"order\":\"asc\"}','vertex_root'),('5b4e62f4-76c8-11e7-96a9-a0c58951c8d5','admin','2017-08-01 22:47:16','127.0.0.1','200','GET','/v1/auth/domain/self/owner','{}','vertex_root'),('5b4e7881-76c8-11e7-96a9-a0c58951c8d5','admin','2017-08-01 22:47:16','127.0.0.1','200','GET','/v1/auth/resource/org/get','{\"domain_id\":\"vertex_root\"}','vertex_root'),('5b4e8f05-76c8-11e7-96a9-a0c58951c8d5','admin','2017-08-01 22:47:16','127.0.0.1','200','GET','/v1/auth/user/get','{\"domain_id\":\"mas\",\"limit\":\"10\",\"offset\":\"0\",\"order\":\"asc\"}','vertex_root'),('5b4ea57c-76c8-11e7-96a9-a0c58951c8d5','admin','2017-08-01 22:47:16','127.0.0.1','200','GET','/v1/auth/resource/org/get','{\"domain_id\":\"mas\"}','vertex_root'),('5b4ebbb4-76c8-11e7-96a9-a0c58951c8d5','admin','2017-08-01 22:47:16','127.0.0.1','200','GET','/v1/auth/user/search','{\"domain_id\":\"mas\",\"org_id\":\"mas_join_512345423\",\"status_id\":\"0\"}','vertex_root'),('5b4ed209-76c8-11e7-96a9-a0c58951c8d5','admin','2017-08-01 22:47:16','127.0.0.1','200','GET','/v1/auth/user/search','{\"domain_id\":\"mas\",\"org_id\":\"mas_join_34124\",\"status_id\":\"0\"}','vertex_root'),('67f66b32-76c9-11e7-96a9-a0c58951c8d5','admin','2017-08-01 22:54:47','127.0.0.1','200','GET','/v1/auth/index/entry','{\"Id\":\"0100000000\",\"innerFlag\":\"true\"}','vertex_root'),('67f68e4b-76c9-11e7-96a9-a0c58951c8d5','admin','2017-08-01 22:54:47','127.0.0.1','200','GET','/v1/auth/main/menu','{\"Id\":\"0100000000\",\"TypeId\":\"1\"}','vertex_root'),('67f6ab20-76c9-11e7-96a9-a0c58951c8d5','admin','2017-08-01 22:54:47','127.0.0.1','200','GET','/v1/auth/resource/page','{}','vertex_root'),('67f6c214-76c9-11e7-96a9-a0c58951c8d5','admin','2017-08-01 22:54:47','127.0.0.1','200','GET','/v1/auth/resource/get','{}','vertex_root'),('6bb6e4b0-76c8-11e7-96a9-a0c58951c8d5','admin','2017-08-01 22:47:44','127.0.0.1','200','GET','/HomePage','{}','vertex_root'),('6bb71292-76c8-11e7-96a9-a0c58951c8d5','admin','2017-08-01 22:47:44','127.0.0.1','200','GET','/v1/auth/main/menu','{\"Id\":\"-1\",\"TypeId\":\"0\"}','vertex_root'),('6bb73be7-76c8-11e7-96a9-a0c58951c8d5','admin','2017-08-01 22:47:44','127.0.0.1','200','GET','/v1/auth/index/entry','{\"Id\":\"0100000000\",\"innerFlag\":\"true\"}','vertex_root'),('6bb7640e-76c8-11e7-96a9-a0c58951c8d5','admin','2017-08-01 22:47:44','127.0.0.1','200','GET','/v1/auth/main/menu','{\"Id\":\"0100000000\",\"TypeId\":\"1\"}','vertex_root'),('6bb78e7d-76c8-11e7-96a9-a0c58951c8d5','admin','2017-08-01 22:47:44','127.0.0.1','200','GET','/HomePage','{}','vertex_root'),('6bb7ba74-76c8-11e7-96a9-a0c58951c8d5','admin','2017-08-01 22:47:44','127.0.0.1','200','GET','/v1/auth/main/menu','{\"Id\":\"-1\",\"TypeId\":\"0\"}','vertex_root'),('6bb7e2ce-76c8-11e7-96a9-a0c58951c8d5','admin','2017-08-01 22:47:44','127.0.0.1','200','GET','/v1/auth/index/entry','{\"Id\":\"0100000000\",\"innerFlag\":\"true\"}','vertex_root'),('6bb80bf0-76c8-11e7-96a9-a0c58951c8d5','admin','2017-08-01 22:47:44','127.0.0.1','200','GET','/v1/auth/main/menu','{\"Id\":\"0100000000\",\"TypeId\":\"1\"}','vertex_root'),('6bb83149-76c8-11e7-96a9-a0c58951c8d5','admin','2017-08-01 22:47:44','127.0.0.1','200','GET','/HomePage','{}','vertex_root'),('6bb8854e-76c8-11e7-96a9-a0c58951c8d5','admin','2017-08-01 22:47:44','127.0.0.1','200','GET','/v1/auth/main/menu','{\"Id\":\"-1\",\"TypeId\":\"0\"}','vertex_root'),('7965869a-7590-11e7-96a9-a0c58951c8d5','admin','2017-07-31 09:34:53','127.0.0.1','200','GET','/HomePage','{}','vertex_root'),('7965a338-7590-11e7-96a9-a0c58951c8d5','admin','2017-07-31 09:34:53','127.0.0.1','200','GET','/v1/auth/main/menu','{\"Id\":\"-1\",\"TypeId\":\"0\"}','vertex_root'),('7965ba5a-7590-11e7-96a9-a0c58951c8d5','admin','2017-07-31 09:34:53','127.0.0.1','200','GET','/v1/auth/index/entry','{\"Id\":\"0100000000\",\"innerFlag\":\"true\"}','vertex_root'),('7965f485-7590-11e7-96a9-a0c58951c8d5','admin','2017-07-31 09:34:53','127.0.0.1','200','GET','/v1/auth/main/menu','{\"Id\":\"0100000000\",\"TypeId\":\"1\"}','vertex_root'),('7c49f4d5-76c9-11e7-96a9-a0c58951c8d5','admin','2017-08-01 22:55:21','127.0.0.1','200','GET','/v1/auth/resource/get','{}','vertex_root'),('7c4a0c66-76c9-11e7-96a9-a0c58951c8d5','admin','2017-08-01 22:55:21','127.0.0.1','200','GET','/v1/auth/resource/get','{}','vertex_root'),('81d01402-7590-11e7-96a9-a0c58951c8d5','admin','2017-07-31 09:35:07','127.0.0.1','200','GET','/HomePage','{}','vertex_root'),('81d03560-7590-11e7-96a9-a0c58951c8d5','admin','2017-07-31 09:35:07','127.0.0.1','200','GET','/v1/auth/main/menu','{\"Id\":\"-1\",\"TypeId\":\"0\"}','vertex_root'),('81d05431-7590-11e7-96a9-a0c58951c8d5','admin','2017-07-31 09:35:07','127.0.0.1','200','GET','/v1/auth/index/entry','{\"Id\":\"0100000000\",\"innerFlag\":\"true\"}','vertex_root'),('81d06968-7590-11e7-96a9-a0c58951c8d5','admin','2017-07-31 09:35:07','127.0.0.1','200','GET','/v1/auth/main/menu','{\"Id\":\"0100000000\",\"TypeId\":\"1\"}','vertex_root'),('81d07d57-7590-11e7-96a9-a0c58951c8d5','admin','2017-07-31 09:35:07','127.0.0.1','200','GET','/v1/auth/user/page','{}','vertex_root'),('81d091c2-7590-11e7-96a9-a0c58951c8d5','admin','2017-07-31 09:35:07','127.0.0.1','200','GET','/v1/auth/user/get','{\"domain_id\":\"\",\"limit\":\"10\",\"offset\":\"0\",\"order\":\"asc\"}','vertex_root'),('81d0a5db-7590-11e7-96a9-a0c58951c8d5','admin','2017-07-31 09:35:07','127.0.0.1','200','GET','/v1/auth/domain/self/owner','{}','vertex_root'),('81d0b913-7590-11e7-96a9-a0c58951c8d5','admin','2017-07-31 09:35:07','127.0.0.1','200','GET','/v1/auth/resource/org/get','{\"domain_id\":\"vertex_root\"}','vertex_root'),('8b04c6ec-76c9-11e7-96a9-a0c58951c8d5','admin','2017-08-01 22:55:46','127.0.0.1','200','GET','/v1/auth/resource/query','{\"res_id\":\"0103030000\"}','vertex_root'),('8b04e66c-76c9-11e7-96a9-a0c58951c8d5','admin','2017-08-01 22:55:46','127.0.0.1','200','GET','/v1/auth/resource/queryTheme','{\"res_id\":\"0103030000\",\"theme_id\":\"1001\"}','vertex_root'),('8b04ff9b-76c9-11e7-96a9-a0c58951c8d5','admin','2017-08-01 22:55:46','127.0.0.1','200','GET','/v1/auth/resource/node','{\"resId\":\"0103030000\"}','vertex_root'),('9541a514-7590-11e7-96a9-a0c58951c8d5','admin','2017-07-31 09:35:40','127.0.0.1','200','GET','/HomePage','{}','vertex_root'),('9541bf1c-7590-11e7-96a9-a0c58951c8d5','admin','2017-07-31 09:35:40','127.0.0.1','200','GET','/v1/auth/main/menu','{\"Id\":\"-1\",\"TypeId\":\"0\"}','vertex_root'),('9541d472-7590-11e7-96a9-a0c58951c8d5','admin','2017-07-31 09:35:40','127.0.0.1','200','GET','/v1/auth/index/entry','{\"Id\":\"0200000000\",\"innerFlag\":\"true\"}','vertex_root'),('9541e7a9-7590-11e7-96a9-a0c58951c8d5','admin','2017-07-31 09:35:40','127.0.0.1','200','GET','/v1/auth/main/menu','{\"Id\":\"0200000000\",\"TypeId\":\"1\"}','vertex_root'),('954225e5-7590-11e7-96a9-a0c58951c8d5','admin','2017-07-31 09:35:40','127.0.0.1','200','GET','/v1/ca/responsibility/page','{}','vertex_root'),('95423e69-7590-11e7-96a9-a0c58951c8d5','admin','2017-07-31 09:35:40','127.0.0.1','200','GET','/v1/auth/domain/self/owner','{}','vertex_root'),('95425372-7590-11e7-96a9-a0c58951c8d5','admin','2017-07-31 09:35:40','127.0.0.1','200','GET','/v1/ca/responsibility/get','{\"domain_id\":\"vertex_root\"}','vertex_root'),('95426a07-7590-11e7-96a9-a0c58951c8d5','admin','2017-07-31 09:35:40','127.0.0.1','200','GET','/v1/ca/responsibility/get','{\"domain_id\":\"mas\"}','vertex_root'),('9cca8319-76d1-11e7-96a9-a0c58951c8d5','admin','2017-08-01 23:53:32','127.0.0.1','200','GET','/HomePage','{}','vertex_root'),('9ccb570c-76d1-11e7-96a9-a0c58951c8d5','admin','2017-08-01 23:53:32','127.0.0.1','200','GET','/v1/auth/main/menu','{\"Id\":\"-1\",\"TypeId\":\"0\"}','vertex_root'),('9ccbb6dd-76d1-11e7-96a9-a0c58951c8d5','admin','2017-08-01 23:53:32','127.0.0.1','200','GET','/v1/auth/index/entry','{\"Id\":\"0200000000\",\"innerFlag\":\"true\"}','vertex_root'),('9ccc5b7f-76d1-11e7-96a9-a0c58951c8d5','admin','2017-08-01 23:53:32','127.0.0.1','200','GET','/v1/auth/main/menu','{\"Id\":\"0200000000\",\"TypeId\":\"1\"}','vertex_root'),('9cce422e-76d1-11e7-96a9-a0c58951c8d5','admin','2017-08-01 23:53:32','127.0.0.1','200','GET','/HomePage','{}','vertex_root'),('9ccf0c3f-76d1-11e7-96a9-a0c58951c8d5','admin','2017-08-01 23:53:32','127.0.0.1','200','GET','/v1/auth/main/menu','{\"Id\":\"-1\",\"TypeId\":\"0\"}','vertex_root'),('9ccf790c-76d1-11e7-96a9-a0c58951c8d5','admin','2017-08-01 23:53:32','127.0.0.1','200','GET','/v1/auth/index/entry','{\"Id\":\"0100000000\",\"innerFlag\":\"true\"}','vertex_root'),('9ccffcf3-76d1-11e7-96a9-a0c58951c8d5','admin','2017-08-01 23:53:32','127.0.0.1','200','GET','/v1/auth/main/menu','{\"Id\":\"0100000000\",\"TypeId\":\"1\"}','vertex_root'),('9cd06062-76d1-11e7-96a9-a0c58951c8d5','admin','2017-08-01 23:53:32','127.0.0.1','200','GET','/v1/sso/subsystem/page','{}','vertex_root'),('9cd13a88-76d1-11e7-96a9-a0c58951c8d5','admin','2017-08-01 23:53:32','127.0.0.1','200','GET','/v1/sso/subsystem','{}','vertex_root'),('9da851bf-76cc-11e7-96a9-a0c58951c8d5','admin','2017-08-01 23:17:46','127.0.0.1','200','GET','/HomePage','{}','vertex_root'),('9da86e8c-76cc-11e7-96a9-a0c58951c8d5','admin','2017-08-01 23:17:46','127.0.0.1','200','GET','/v1/auth/main/menu','{\"Id\":\"-1\",\"TypeId\":\"0\"}','vertex_root'),('9da884c3-76cc-11e7-96a9-a0c58951c8d5','admin','2017-08-01 23:17:46','127.0.0.1','200','GET','/v1/auth/index/entry','{\"Id\":\"0100000000\",\"innerFlag\":\"true\"}','vertex_root'),('9da89cff-76cc-11e7-96a9-a0c58951c8d5','admin','2017-08-01 23:17:46','127.0.0.1','200','GET','/v1/auth/main/menu','{\"Id\":\"0100000000\",\"TypeId\":\"1\"}','vertex_root'),('9da8b85d-76cc-11e7-96a9-a0c58951c8d5','admin','2017-08-01 23:17:46','127.0.0.1','200','GET','/v1/auth/user/page','{}','vertex_root'),('9da8d359-76cc-11e7-96a9-a0c58951c8d5','admin','2017-08-01 23:17:46','127.0.0.1','200','GET','/v1/auth/domain/self/owner','{}','vertex_root'),('9da8eca5-76cc-11e7-96a9-a0c58951c8d5','admin','2017-08-01 23:17:46','127.0.0.1','200','GET','/v1/auth/user/get','{\"domain_id\":\"\",\"limit\":\"10\",\"offset\":\"0\",\"order\":\"asc\"}','vertex_root'),('9da907a5-76cc-11e7-96a9-a0c58951c8d5','admin','2017-08-01 23:17:46','127.0.0.1','200','GET','/v1/auth/resource/org/get','{\"domain_id\":\"vertex_root\"}','vertex_root'),('9da924bb-76cc-11e7-96a9-a0c58951c8d5','admin','2017-08-01 23:17:46','127.0.0.1','200','GET','/v1/auth/user/get','{\"domain_id\":\"mas\",\"limit\":\"10\",\"offset\":\"0\",\"order\":\"asc\"}','vertex_root'),('9da9391d-76cc-11e7-96a9-a0c58951c8d5','admin','2017-08-01 23:17:46','127.0.0.1','200','GET','/v1/auth/resource/org/get','{\"domain_id\":\"mas\"}','vertex_root'),('9da95472-76cc-11e7-96a9-a0c58951c8d5','admin','2017-08-01 23:17:46','127.0.0.1','200','GET','/HomePage','{}','vertex_root'),('9da96c61-76cc-11e7-96a9-a0c58951c8d5','admin','2017-08-01 23:17:46','127.0.0.1','200','GET','/v1/auth/main/menu','{\"Id\":\"-1\",\"TypeId\":\"0\"}','vertex_root'),('9da98c7b-76cc-11e7-96a9-a0c58951c8d5','admin','2017-08-01 23:17:46','127.0.0.1','200','GET','/v1/auth/index/entry','{\"Id\":\"0500000000\",\"innerFlag\":\"false\"}','vertex_root'),('9da9ccb6-76cc-11e7-96a9-a0c58951c8d5','admin','2017-08-01 23:17:46','127.0.0.1','200','GET','/v1/auth/main/menu','{\"Id\":\"0500000000\",\"TypeId\":\"1\"}','vertex_root'),('9da9e143-76cc-11e7-96a9-a0c58951c8d5','admin','2017-08-01 23:17:46','127.0.0.1','200','GET','/v1/auth/domain/self/owner','{}','vertex_root'),('a038f6e8-76c9-11e7-96a9-a0c58951c8d5','admin','2017-08-01 22:56:22','127.0.0.1','200','GET','/HomePage','{}','vertex_root'),('a0392ec2-76c9-11e7-96a9-a0c58951c8d5','admin','2017-08-01 22:56:22','127.0.0.1','200','GET','/v1/auth/main/menu','{\"Id\":\"-1\",\"TypeId\":\"0\"}','vertex_root'),('a0395ea8-76c9-11e7-96a9-a0c58951c8d5','admin','2017-08-01 22:56:22','127.0.0.1','200','GET','/v1/auth/index/entry','{\"Id\":\"0100000000\",\"innerFlag\":\"true\"}','vertex_root'),('a0399502-76c9-11e7-96a9-a0c58951c8d5','admin','2017-08-01 22:56:22','127.0.0.1','200','GET','/v1/auth/main/menu','{\"Id\":\"0100000000\",\"TypeId\":\"1\"}','vertex_root'),('a039cc5b-76c9-11e7-96a9-a0c58951c8d5','admin','2017-08-01 22:56:22','127.0.0.1','200','GET','/v1/sso/subsystem/page','{}','vertex_root'),('a039fbe0-76c9-11e7-96a9-a0c58951c8d5','admin','2017-08-01 22:56:22','127.0.0.1','200','GET','/v1/sso/subsystem','{}','vertex_root'),('a7b34ff1-76d1-11e7-96a9-a0c58951c8d5','admin','2017-08-01 23:53:50','127.0.0.1','200','GET','/v1/sso/proxy/static/page','{}','vertex_root'),('a7b38b68-76d1-11e7-96a9-a0c58951c8d5','admin','2017-08-01 23:53:50','127.0.0.1','200','GET','/v1/sso/proxy/static','{}','vertex_root'),('a7b3bf0f-76d1-11e7-96a9-a0c58951c8d5','admin','2017-08-01 23:53:50','127.0.0.1','200','GET','/v1/sso/subsystem/api/page','{}','vertex_root'),('a7b3efd3-76d1-11e7-96a9-a0c58951c8d5','admin','2017-08-01 23:53:50','127.0.0.1','200','GET','/v1/sso/proxy/api','{}','vertex_root'),('a7b41d6d-76d1-11e7-96a9-a0c58951c8d5','admin','2017-08-01 23:53:50','127.0.0.1','200','GET','/v1/sso/local/static/page','{}','vertex_root'),('a7b44ff5-76d1-11e7-96a9-a0c58951c8d5','admin','2017-08-01 23:53:50','127.0.0.1','200','GET','/v1/sso/local/static','{}','vertex_root'),('a7b48606-76d1-11e7-96a9-a0c58951c8d5','admin','2017-08-01 23:53:50','127.0.0.1','200','GET','/v1/auth/resource/page','{}','vertex_root'),('a7b4b8d3-76d1-11e7-96a9-a0c58951c8d5','admin','2017-08-01 23:53:50','127.0.0.1','200','GET','/v1/auth/resource/get','{}','vertex_root'),('a7b53a8a-76d1-11e7-96a9-a0c58951c8d5','admin','2017-08-01 23:53:50','127.0.0.1','200','GET','/v1/auth/resource/page','{}','vertex_root'),('a7b57379-76d1-11e7-96a9-a0c58951c8d5','admin','2017-08-01 23:53:50','127.0.0.1','200','GET','/v1/auth/resource/get','{}','vertex_root'),('acb9cce8-76ca-11e7-96a9-a0c58951c8d5','admin','2017-08-01 23:03:52','127.0.0.1','200','GET','/HomePage','{}','vertex_root'),('acba54b0-76ca-11e7-96a9-a0c58951c8d5','admin','2017-08-01 23:03:52','127.0.0.1','200','GET','/v1/auth/main/menu','{\"Id\":\"-1\",\"TypeId\":\"0\"}','vertex_root'),('ae478fa9-76d1-11e7-96a9-a0c58951c8d5','admin','2017-08-01 23:54:01','127.0.0.1','200','GET','/v1/auth/user/page','{}','vertex_root'),('ae47dbfa-76d1-11e7-96a9-a0c58951c8d5','admin','2017-08-01 23:54:01','127.0.0.1','200','GET','/v1/auth/user/get','{\"domain_id\":\"\",\"limit\":\"10\",\"offset\":\"0\",\"order\":\"asc\"}','vertex_root'),('ae4820b1-76d1-11e7-96a9-a0c58951c8d5','admin','2017-08-01 23:54:01','127.0.0.1','200','GET','/v1/auth/domain/self/owner','{}','vertex_root'),('ae486c7e-76d1-11e7-96a9-a0c58951c8d5','admin','2017-08-01 23:54:01','127.0.0.1','200','GET','/v1/auth/resource/org/get','{\"domain_id\":\"vertex_root\"}','vertex_root'),('ae48aa7e-76d1-11e7-96a9-a0c58951c8d5','admin','2017-08-01 23:54:01','127.0.0.1','200','GET','/v1/auth/user/get','{\"domain_id\":\"mas\",\"limit\":\"10\",\"offset\":\"0\",\"order\":\"asc\"}','vertex_root'),('ae490420-76d1-11e7-96a9-a0c58951c8d5','admin','2017-08-01 23:54:01','127.0.0.1','200','GET','/v1/auth/resource/org/get','{\"domain_id\":\"mas\"}','vertex_root'),('ae49478b-76d1-11e7-96a9-a0c58951c8d5','admin','2017-08-01 23:54:01','127.0.0.1','200','GET','/HomePage','{}','vertex_root'),('ae498d13-76d1-11e7-96a9-a0c58951c8d5','admin','2017-08-01 23:54:01','127.0.0.1','200','GET','/v1/auth/main/menu','{\"Id\":\"-1\",\"TypeId\":\"0\"}','vertex_root'),('b7988861-76c9-11e7-96a9-a0c58951c8d5','admin','2017-08-01 22:57:01','127.0.0.1','200','GET','/v1/sso/proxy/static/page','{}','vertex_root'),('b798cf55-76c9-11e7-96a9-a0c58951c8d5','admin','2017-08-01 22:57:01','127.0.0.1','200','GET','/v1/sso/proxy/static','{}','vertex_root'),('b7991590-76c9-11e7-96a9-a0c58951c8d5','admin','2017-08-01 22:57:01','127.0.0.1','200','GET','/v1/sso/subsystem/api/page','{}','vertex_root'),('b7996359-76c9-11e7-96a9-a0c58951c8d5','admin','2017-08-01 22:57:01','127.0.0.1','200','GET','/v1/sso/proxy/api','{}','vertex_root'),('b799baa1-76c9-11e7-96a9-a0c58951c8d5','admin','2017-08-01 22:57:01','127.0.0.1','200','GET','/v1/sso/local/static/page','{}','vertex_root'),('b79a092e-76c9-11e7-96a9-a0c58951c8d5','admin','2017-08-01 22:57:01','127.0.0.1','200','GET','/v1/sso/local/static','{}','vertex_root'),('b79a4db7-76c9-11e7-96a9-a0c58951c8d5','admin','2017-08-01 22:57:01','127.0.0.1','200','GET','/v1/auth/domain/page','{}','vertex_root'),('b79a9461-76c9-11e7-96a9-a0c58951c8d5','admin','2017-08-01 22:57:01','127.0.0.1','200','GET','/v1/auth/domain/get','{\"limit\":\"40\",\"offset\":\"0\",\"order\":\"asc\"}','vertex_root'),('b79aedfb-76c9-11e7-96a9-a0c58951c8d5','admin','2017-08-01 22:57:01','127.0.0.1','200','GET','/v1/auth/resource/org/page','{}','vertex_root'),('b79b3f84-76c9-11e7-96a9-a0c58951c8d5','admin','2017-08-01 22:57:01','127.0.0.1','200','GET','/v1/auth/domain/owner','{}','vertex_root'),('b79b7e15-76c9-11e7-96a9-a0c58951c8d5','admin','2017-08-01 22:57:01','127.0.0.1','200','GET','/v1/auth/domain/id','{}','vertex_root'),('b79bf862-76c9-11e7-96a9-a0c58951c8d5','admin','2017-08-01 22:57:01','127.0.0.1','200','GET','/v1/auth/resource/org/get','{\"domain_id\":\"vertex_root\"}','vertex_root'),('b79e7dbb-76c9-11e7-96a9-a0c58951c8d5','admin','2017-08-01 22:57:01','127.0.0.1','200','GET','/v1/auth/resource/org/get','{\"domain_id\":\"vertex_root\"}','vertex_root'),('b7a15caa-76c9-11e7-96a9-a0c58951c8d5','admin','2017-08-01 22:57:01','127.0.0.1','200','GET','/v1/auth/resource/org/get','{\"domain_id\":\"vertex_root\",\"limit\":\"20\",\"offset\":\"0\",\"order\":\"asc\"}','vertex_root'),('b7a1951e-76c9-11e7-96a9-a0c58951c8d5','admin','2017-08-01 22:57:01','127.0.0.1','200','GET','/v1/auth/resource/org/get','{\"domain_id\":\"mas\"}','vertex_root'),('b7a1c62a-76c9-11e7-96a9-a0c58951c8d5','admin','2017-08-01 22:57:01','127.0.0.1','200','GET','/v1/auth/user/page','{}','vertex_root'),('b7a1f76a-76c9-11e7-96a9-a0c58951c8d5','admin','2017-08-01 22:57:01','127.0.0.1','200','GET','/v1/auth/user/get','{\"domain_id\":\"\",\"limit\":\"10\",\"offset\":\"0\",\"order\":\"asc\"}','vertex_root'),('b7a21f4d-76c9-11e7-96a9-a0c58951c8d5','admin','2017-08-01 22:57:01','127.0.0.1','200','GET','/v1/auth/domain/self/owner','{}','vertex_root'),('b7a24484-76c9-11e7-96a9-a0c58951c8d5','admin','2017-08-01 22:57:01','127.0.0.1','200','GET','/v1/auth/resource/org/get','{\"domain_id\":\"vertex_root\"}','vertex_root'),('b7a27115-76c9-11e7-96a9-a0c58951c8d5','admin','2017-08-01 22:57:01','127.0.0.1','200','GET','/v1/auth/user/get','{\"domain_id\":\"mas\",\"limit\":\"10\",\"offset\":\"0\",\"order\":\"asc\"}','vertex_root'),('b7a29644-76c9-11e7-96a9-a0c58951c8d5','admin','2017-08-01 22:57:01','127.0.0.1','200','GET','/v1/auth/resource/org/get','{\"domain_id\":\"mas\"}','vertex_root'),('ba249779-76ca-11e7-96a9-a0c58951c8d5','admin','2017-08-01 23:04:15','127.0.0.1','200','GET','/v1/auth/index/entry','{\"Id\":\"0100000000\",\"innerFlag\":\"true\"}','vertex_root'),('ba24b2b0-76ca-11e7-96a9-a0c58951c8d5','admin','2017-08-01 23:04:15','127.0.0.1','200','GET','/v1/auth/main/menu','{\"Id\":\"0100000000\",\"TypeId\":\"1\"}','vertex_root'),('ba24c88a-76ca-11e7-96a9-a0c58951c8d5','admin','2017-08-01 23:04:15','127.0.0.1','200','GET','/v1/auth/resource/page','{}','vertex_root'),('ba24e157-76ca-11e7-96a9-a0c58951c8d5','admin','2017-08-01 23:04:15','127.0.0.1','200','GET','/v1/auth/resource/get','{}','vertex_root'),('ba24f7a8-76ca-11e7-96a9-a0c58951c8d5','admin','2017-08-01 23:04:15','127.0.0.1','200','GET','/HomePage','{}','vertex_root'),('ba250cdf-76ca-11e7-96a9-a0c58951c8d5','admin','2017-08-01 23:04:15','127.0.0.1','200','GET','/v1/auth/main/menu','{\"Id\":\"-1\",\"TypeId\":\"0\"}','vertex_root'),('ba25268a-76ca-11e7-96a9-a0c58951c8d5','admin','2017-08-01 23:04:15','127.0.0.1','200','GET','/v1/auth/index/entry','{\"Id\":\"0100000000\",\"innerFlag\":\"true\"}','vertex_root'),('ba253f30-76ca-11e7-96a9-a0c58951c8d5','admin','2017-08-01 23:04:15','127.0.0.1','200','GET','/v1/auth/main/menu','{\"Id\":\"0100000000\",\"TypeId\":\"1\"}','vertex_root'),('ba25541f-76ca-11e7-96a9-a0c58951c8d5','admin','2017-08-01 23:04:15','127.0.0.1','200','GET','/HomePage','{}','vertex_root'),('ba25675b-76ca-11e7-96a9-a0c58951c8d5','admin','2017-08-01 23:04:15','127.0.0.1','200','GET','/v1/auth/main/menu','{\"Id\":\"-1\",\"TypeId\":\"0\"}','vertex_root'),('ba257e0a-76ca-11e7-96a9-a0c58951c8d5','admin','2017-08-01 23:04:15','127.0.0.1','200','GET','/v1/auth/index/entry','{\"Id\":\"0500000000\",\"innerFlag\":\"false\"}','vertex_root'),('ba25bf4e-76ca-11e7-96a9-a0c58951c8d5','admin','2017-08-01 23:04:15','127.0.0.1','200','GET','/v1/auth/main/menu','{\"Id\":\"0500000000\",\"TypeId\":\"1\"}','vertex_root'),('ba25e7fd-76ca-11e7-96a9-a0c58951c8d5','admin','2017-08-01 23:04:15','127.0.0.1','200','GET','/v1/auth/domain/self/owner','{}','vertex_root'),('ba25ffbd-76ca-11e7-96a9-a0c58951c8d5','admin','2017-08-01 23:04:15','127.0.0.1','200','GET','/HomePage','{}','vertex_root'),('ba261428-76ca-11e7-96a9-a0c58951c8d5','admin','2017-08-01 23:04:15','127.0.0.1','200','GET','/v1/auth/main/menu','{\"Id\":\"-1\",\"TypeId\":\"0\"}','vertex_root'),('bc69ab77-76c9-11e7-96a9-a0c58951c8d5','admin','2017-08-01 22:57:09','127.0.0.1','200','GET','/v1/auth/role/page','{}','vertex_root'),('bc69daef-76c9-11e7-96a9-a0c58951c8d5','admin','2017-08-01 22:57:09','127.0.0.1','200','GET','/v1/auth/domain/self/owner','{}','vertex_root'),('bc69fecd-76c9-11e7-96a9-a0c58951c8d5','admin','2017-08-01 22:57:09','127.0.0.1','200','GET','/v1/auth/role/get','{\"domain_id\":\"\",\"limit\":\"10\",\"offset\":\"0\",\"order\":\"asc\"}','vertex_root'),('bc6a2400-76c9-11e7-96a9-a0c58951c8d5','admin','2017-08-01 22:57:09','127.0.0.1','200','GET','/v1/auth/role/get','{\"domain_id\":\"mas\",\"limit\":\"10\",\"offset\":\"0\",\"order\":\"asc\"}','vertex_root'),('cf18d47a-76cc-11e7-96a9-a0c58951c8d5','admin','2017-08-01 23:19:09','127.0.0.1','200','GET','/HomePage','{}','vertex_root'),('cf190576-76cc-11e7-96a9-a0c58951c8d5','admin','2017-08-01 23:19:09','127.0.0.1','200','GET','/v1/auth/main/menu','{\"Id\":\"-1\",\"TypeId\":\"0\"}','vertex_root'),('cf192f54-76cc-11e7-96a9-a0c58951c8d5','admin','2017-08-01 23:19:09','127.0.0.1','200','GET','/v1/auth/index/entry','{\"Id\":\"0100000000\",\"innerFlag\":\"true\"}','vertex_root'),('cf1955c3-76cc-11e7-96a9-a0c58951c8d5','admin','2017-08-01 23:19:09','127.0.0.1','200','GET','/v1/auth/main/menu','{\"Id\":\"0100000000\",\"TypeId\":\"1\"}','vertex_root'),('cf197bd0-76cc-11e7-96a9-a0c58951c8d5','admin','2017-08-01 23:19:09','127.0.0.1','200','GET','/HomePage','{}','vertex_root'),('cf19a165-76cc-11e7-96a9-a0c58951c8d5','admin','2017-08-01 23:19:09','127.0.0.1','200','GET','/v1/auth/main/menu','{\"Id\":\"-1\",\"TypeId\":\"0\"}','vertex_root'),('cf19c598-76cc-11e7-96a9-a0c58951c8d5','admin','2017-08-01 23:19:09','127.0.0.1','200','GET','/v1/auth/index/entry','{\"Id\":\"1100000000\",\"innerFlag\":\"true\"}','vertex_root'),('cf19e925-76cc-11e7-96a9-a0c58951c8d5','admin','2017-08-01 23:19:09','127.0.0.1','200','GET','/v1/auth/main/menu','{\"Id\":\"1100000000\",\"TypeId\":\"1\"}','vertex_root'),('cf1a00c7-76cc-11e7-96a9-a0c58951c8d5','admin','2017-08-01 23:19:09','127.0.0.1','200','GET','/v1/help/system/help','{}','vertex_root'),('cf1a17a1-76cc-11e7-96a9-a0c58951c8d5','admin','2017-08-01 23:19:09','127.0.0.1','200','GET','/HomePage','{}','vertex_root'),('cf1a2c65-76cc-11e7-96a9-a0c58951c8d5','admin','2017-08-01 23:19:09','127.0.0.1','200','GET','/v1/auth/main/menu','{\"Id\":\"-1\",\"TypeId\":\"0\"}','vertex_root'),('cf1a417a-76cc-11e7-96a9-a0c58951c8d5','admin','2017-08-01 23:19:09','127.0.0.1','200','GET','/v1/auth/index/entry','{\"Id\":\"0400000000\",\"innerFlag\":\"true\"}','vertex_root'),('cf1a564b-76cc-11e7-96a9-a0c58951c8d5','admin','2017-08-01 23:19:09','127.0.0.1','200','GET','/v1/auth/main/menu','{\"Id\":\"0400000000\",\"TypeId\":\"1\"}','vertex_root'),('cf1a6ad0-76cc-11e7-96a9-a0c58951c8d5','admin','2017-08-01 23:19:09','127.0.0.1','200','GET','/v1/common/depart/page','{}','vertex_root'),('cf1a82f6-76cc-11e7-96a9-a0c58951c8d5','admin','2017-08-01 23:19:09','127.0.0.1','200','GET','/v1/common/depart/get','{}','vertex_root'),('cf1a9903-76cc-11e7-96a9-a0c58951c8d5','admin','2017-08-01 23:19:09','127.0.0.1','200','GET','/v1/auth/domain/self/owner','{}','vertex_root'),('cf1aaee1-76cc-11e7-96a9-a0c58951c8d5','admin','2017-08-01 23:19:09','127.0.0.1','200','GET','/HomePage','{}','vertex_root'),('cf1ac332-76cc-11e7-96a9-a0c58951c8d5','admin','2017-08-01 23:19:09','127.0.0.1','200','GET','/v1/auth/main/menu','{\"Id\":\"-1\",\"TypeId\":\"0\"}','vertex_root'),('cf1ad92e-76cc-11e7-96a9-a0c58951c8d5','admin','2017-08-01 23:19:09','127.0.0.1','200','GET','/v1/auth/index/entry','{\"Id\":\"0200000000\",\"innerFlag\":\"true\"}','vertex_root'),('cf1b0bcb-76cc-11e7-96a9-a0c58951c8d5','admin','2017-08-01 23:19:09','127.0.0.1','200','GET','/v1/auth/main/menu','{\"Id\":\"0200000000\",\"TypeId\":\"1\"}','vertex_root'),('cf1b2290-76cc-11e7-96a9-a0c58951c8d5','admin','2017-08-01 23:19:09','127.0.0.1','200','GET','/v1/ca/responsibility/page','{}','vertex_root'),('cf1b3703-76cc-11e7-96a9-a0c58951c8d5','admin','2017-08-01 23:19:09','127.0.0.1','200','GET','/v1/auth/domain/self/owner','{}','vertex_root'),('cf1b5a72-76cc-11e7-96a9-a0c58951c8d5','admin','2017-08-01 23:19:09','127.0.0.1','200','GET','/v1/ca/responsibility/get','{\"domain_id\":\"vertex_root\"}','vertex_root'),('cf1b82b2-76cc-11e7-96a9-a0c58951c8d5','admin','2017-08-01 23:19:09','127.0.0.1','200','GET','/v1/ca/responsibility/get','{\"domain_id\":\"mas\"}','vertex_root'),('e0157b07-7594-11e7-96a9-a0c58951c8d5','admin','2017-07-31 10:06:23','127.0.0.1','200','GET','/HomePage','{}','vertex_root'),('e01595cb-7594-11e7-96a9-a0c58951c8d5','admin','2017-07-31 10:06:23','127.0.0.1','200','GET','/v1/auth/main/menu','{\"Id\":\"-1\",\"TypeId\":\"0\"}','vertex_root'),('e015acfa-7594-11e7-96a9-a0c58951c8d5','admin','2017-07-31 10:06:23','127.0.0.1','200','GET','/v1/auth/index/entry','{\"Id\":\"0100000000\",\"innerFlag\":\"true\"}','vertex_root'),('e015c3f2-7594-11e7-96a9-a0c58951c8d5','admin','2017-07-31 10:06:23','127.0.0.1','200','GET','/v1/auth/main/menu','{\"Id\":\"0100000000\",\"TypeId\":\"1\"}','vertex_root'),('e015dae9-7594-11e7-96a9-a0c58951c8d5','admin','2017-07-31 10:06:23','127.0.0.1','200','GET','/HomePage','{}','vertex_root'),('e015f37a-7594-11e7-96a9-a0c58951c8d5','admin','2017-07-31 10:06:23','127.0.0.1','200','GET','/v1/auth/main/menu','{\"Id\":\"-1\",\"TypeId\":\"0\"}','vertex_root'),('e0161090-7594-11e7-96a9-a0c58951c8d5','admin','2017-07-31 10:06:23','127.0.0.1','200','GET','/v1/auth/index/entry','{\"Id\":\"0200000000\",\"innerFlag\":\"true\"}','vertex_root'),('e0162829-7594-11e7-96a9-a0c58951c8d5','admin','2017-07-31 10:06:23','127.0.0.1','200','GET','/v1/auth/main/menu','{\"Id\":\"0200000000\",\"TypeId\":\"1\"}','vertex_root'),('e01640b2-7594-11e7-96a9-a0c58951c8d5','admin','2017-07-31 10:06:23','127.0.0.1','200','GET','/v1/ca/dispatch/history/page','{}','vertex_root'),('e01655a9-7594-11e7-96a9-a0c58951c8d5','admin','2017-07-31 10:06:23','127.0.0.1','200','GET','/v1/ca/dispatch/history/get','{\"domain_id\":\"\",\"limit\":\"10\",\"offset\":\"0\",\"order\":\"asc\"}','vertex_root'),('e0166c3a-7594-11e7-96a9-a0c58951c8d5','admin','2017-07-31 10:06:23','127.0.0.1','200','GET','/v1/auth/domain/self/owner','{}','vertex_root'),('e0167dd4-7594-11e7-96a9-a0c58951c8d5','admin','2017-07-31 10:06:23','127.0.0.1','200','GET','/v1/ca/dispatch/history/get','{\"domain_id\":\"mas\",\"limit\":\"10\",\"offset\":\"0\",\"order\":\"asc\"}','vertex_root'),('e4ae9d05-76cb-11e7-96a9-a0c58951c8d5','admin','2017-08-01 23:12:35','127.0.0.1','200','GET','/HomePage','{}','vertex_root'),('e4aecc3c-76cb-11e7-96a9-a0c58951c8d5','admin','2017-08-01 23:12:35','127.0.0.1','200','GET','/v1/auth/main/menu','{\"Id\":\"-1\",\"TypeId\":\"0\"}','vertex_root'),('e9cd65f3-75d0-11e7-96a9-a0c58951c8d5','admin','2017-07-31 17:16:09','127.0.0.1','200','GET','/HomePage','{}','vertex_root'),('e9cd8204-75d0-11e7-96a9-a0c58951c8d5','admin','2017-07-31 17:16:09','127.0.0.1','200','GET','/v1/auth/main/menu','{\"Id\":\"-1\",\"TypeId\":\"0\"}','vertex_root'),('e9cd9bb3-75d0-11e7-96a9-a0c58951c8d5','admin','2017-07-31 17:16:09','127.0.0.1','200','GET','/v1/auth/index/entry','{\"Id\":\"0200000000\",\"innerFlag\":\"true\"}','vertex_root'),('e9cdb644-75d0-11e7-96a9-a0c58951c8d5','admin','2017-07-31 17:16:09','127.0.0.1','200','GET','/v1/auth/main/menu','{\"Id\":\"0200000000\",\"TypeId\":\"1\"}','vertex_root'),('e9cdcb91-75d0-11e7-96a9-a0c58951c8d5','admin','2017-07-31 17:16:09','127.0.0.1','200','GET','/v1/ca/amart/rules/page','{}','vertex_root'),('e9cddfdd-75d0-11e7-96a9-a0c58951c8d5','admin','2017-07-31 17:16:09','127.0.0.1','200','GET','/v1/ca/amart/rules/get','{\"domain_id\":\"\",\"limit\":\"30\",\"offset\":\"0\",\"order\":\"asc\"}','vertex_root'),('e9cdf95d-75d0-11e7-96a9-a0c58951c8d5','admin','2017-07-31 17:16:09','127.0.0.1','200','GET','/v1/auth/domain/self/owner','{}','vertex_root'),('e9ce1580-75d0-11e7-96a9-a0c58951c8d5','admin','2017-07-31 17:16:09','127.0.0.1','200','GET','/v1/ca/responsibility/get','{}','vertex_root'),('e9ce34c4-75d0-11e7-96a9-a0c58951c8d5','admin','2017-07-31 17:16:09','127.0.0.1','200','GET','/v1/ca/static/radio/page','{}','vertex_root'),('e9ce4e0c-75d0-11e7-96a9-a0c58951c8d5','admin','2017-07-31 17:16:09','127.0.0.1','200','GET','/v1/auth/domain/self/owner','{}','vertex_root'),('e9ce6448-75d0-11e7-96a9-a0c58951c8d5','admin','2017-07-31 17:16:09','127.0.0.1','200','GET','/v1/ca/static/radio/get','{\"domain_id\":\"\",\"limit\":\"10\",\"offset\":\"0\",\"order\":\"asc\"}','vertex_root'),('e9cea8c8-75d0-11e7-96a9-a0c58951c8d5','admin','2017-07-31 17:16:09','127.0.0.1','200','GET','/v1/ca/static/radio/get','{\"domain_id\":\"mas\",\"limit\":\"10\",\"offset\":\"0\",\"order\":\"asc\"}','vertex_root'),('e9cec311-75d0-11e7-96a9-a0c58951c8d5','admin','2017-07-31 17:16:09','127.0.0.1','421','POST','/v1/ca/static/radio/post','{\"domain_id\":\"mas\",\"static_amart_desc\":\"\",\"static_amart_id\":\"\"}','vertex_root'),('e9cee2d9-75d0-11e7-96a9-a0c58951c8d5','admin','2017-07-31 17:16:09','127.0.0.1','421','POST','/v1/ca/static/radio/post','{\"domain_id\":\"mas\",\"static_amart_desc\":\"\",\"static_amart_id\":\"\"}','vertex_root'),('eafae48a-7594-11e7-96a9-a0c58951c8d5','admin','2017-07-31 10:06:41','127.0.0.1','200','GET','/v1/ca/dispatch/history/details','{\"flag\":\"N\",\"limit\":\"10\",\"offset\":\"0\",\"order\":\"asc\",\"uuid\":\"ca652d19-62f2-4d54-bb3c-d644a840d630\"}','vertex_root'),('eafafc79-7594-11e7-96a9-a0c58951c8d5','admin','2017-07-31 10:06:41','127.0.0.1','200','GET','/v1/ca/dispatch/history/details','{\"flag\":\"Y\",\"limit\":\"10\",\"offset\":\"0\",\"order\":\"asc\",\"uuid\":\"ca652d19-62f2-4d54-bb3c-d644a840d630\"}','vertex_root'),('eafb395b-7594-11e7-96a9-a0c58951c8d5','admin','2017-07-31 10:06:41','127.0.0.1','200','GET','/v1/ca/dispatch/history/details','{\"flag\":\"Y\",\"limit\":\"10\",\"offset\":\"0\",\"order\":\"asc\",\"uuid\":\"af124824-3cf3-4750-a596-727fad2564ed\"}','vertex_root'),('eafb510a-7594-11e7-96a9-a0c58951c8d5','admin','2017-07-31 10:06:41','127.0.0.1','200','GET','/v1/ca/dispatch/history/details','{\"flag\":\"Y\",\"limit\":\"10\",\"offset\":\"0\",\"order\":\"asc\",\"uuid\":\"f958ed01-4f20-4571-bda6-2ea0ca091bf1\"}','vertex_root'),('eafb6905-7594-11e7-96a9-a0c58951c8d5','admin','2017-07-31 10:06:41','127.0.0.1','200','GET','/v1/ca/dispatch/history/details','{\"flag\":\"Y\",\"limit\":\"10\",\"offset\":\"0\",\"order\":\"asc\",\"uuid\":\"eddafeca-b64f-4d7f-9bfa-8516055316a6\"}','vertex_root'),('eafb7eb9-7594-11e7-96a9-a0c58951c8d5','admin','2017-07-31 10:06:41','127.0.0.1','200','GET','/v1/ca/dispatch/alloc/page','{\"sid\":\"af124824-3cf3-4750-a596-727fad2564ed\"}','vertex_root'),('eafb9774-7594-11e7-96a9-a0c58951c8d5','admin','2017-07-31 10:06:41','127.0.0.1','200','GET','/v1/ca/dispatch/alloc/details','{\"limit\":\"30\",\"offset\":\"0\",\"order\":\"asc\",\"sid\":\"af124824-3cf3-4750-a596-727fad2564ed\"}','vertex_root'),('ef005c7a-76cb-11e7-96a9-a0c58951c8d5','admin','2017-08-01 23:12:53','127.0.0.1','200','GET','/HomePage','{}','vertex_root'),('ef00a13a-76cb-11e7-96a9-a0c58951c8d5','admin','2017-08-01 23:12:53','127.0.0.1','200','GET','/v1/auth/main/menu','{\"Id\":\"-1\",\"TypeId\":\"0\"}','vertex_root'),('ef00ed25-76cb-11e7-96a9-a0c58951c8d5','admin','2017-08-01 23:12:53','127.0.0.1','200','GET','/v1/auth/index/entry','{\"Id\":\"0100000000\",\"innerFlag\":\"true\"}','vertex_root'),('ef0132b6-76cb-11e7-96a9-a0c58951c8d5','admin','2017-08-01 23:12:53','127.0.0.1','200','GET','/v1/auth/main/menu','{\"Id\":\"0100000000\",\"TypeId\":\"1\"}','vertex_root'),('ef016bd4-76cb-11e7-96a9-a0c58951c8d5','admin','2017-08-01 23:12:53','127.0.0.1','200','GET','/HomePage','{}','vertex_root'),('ef01aa25-76cb-11e7-96a9-a0c58951c8d5','admin','2017-08-01 23:12:53','127.0.0.1','200','GET','/v1/auth/main/menu','{\"Id\":\"-1\",\"TypeId\":\"0\"}','vertex_root'),('ef01dd8c-76cb-11e7-96a9-a0c58951c8d5','admin','2017-08-01 23:12:53','127.0.0.1','200','GET','/AM/init_login','{\"Id\":\"1200000000\",\"innerFlag\":\"false\"}','vertex_root'),('ef020d65-76cb-11e7-96a9-a0c58951c8d5','admin','2017-08-01 23:12:53','127.0.0.1','200','GET','/HomePage','{}','vertex_root'),('ef023df6-76cb-11e7-96a9-a0c58951c8d5','admin','2017-08-01 23:12:53','127.0.0.1','200','GET','/v1/auth/main/menu','{\"Id\":\"-1\",\"TypeId\":\"0\"}','vertex_root'),('ef028436-76cb-11e7-96a9-a0c58951c8d5','admin','2017-08-01 23:12:53','127.0.0.1','200','GET','/v1/auth/index/entry','{\"Id\":\"0200000000\",\"innerFlag\":\"true\"}','vertex_root'),('ef02cb61-76cb-11e7-96a9-a0c58951c8d5','admin','2017-08-01 23:12:53','127.0.0.1','200','GET','/v1/auth/main/menu','{\"Id\":\"0200000000\",\"TypeId\":\"1\"}','vertex_root'),('ef03053f-76cb-11e7-96a9-a0c58951c8d5','admin','2017-08-01 23:12:53','127.0.0.1','200','GET','/HomePage','{}','vertex_root'),('ef0338c3-76cb-11e7-96a9-a0c58951c8d5','admin','2017-08-01 23:12:53','127.0.0.1','200','GET','/v1/auth/main/menu','{\"Id\":\"-1\",\"TypeId\":\"0\"}','vertex_root'),('ef0372f6-76cb-11e7-96a9-a0c58951c8d5','admin','2017-08-01 23:12:53','127.0.0.1','200','GET','/v1/auth/index/entry','{\"Id\":\"0500000000\",\"innerFlag\":\"false\"}','vertex_root'),('ef03ba6a-76cb-11e7-96a9-a0c58951c8d5','admin','2017-08-01 23:12:53','127.0.0.1','200','GET','/v1/auth/main/menu','{\"Id\":\"0500000000\",\"TypeId\":\"1\"}','vertex_root'),('ef03f4d9-76cb-11e7-96a9-a0c58951c8d5','admin','2017-08-01 23:12:53','127.0.0.1','200','GET','/v1/auth/domain/self/owner','{}','vertex_root'),('f21777d2-7594-11e7-96a9-a0c58951c8d5','admin','2017-07-31 10:06:53','127.0.0.1','200','GET','/v1/ca/dispatch/history/details','{\"flag\":\"Y\",\"limit\":\"10\",\"offset\":\"0\",\"order\":\"asc\",\"uuid\":\"af124824-3cf3-4750-a596-727fad2564ed\"}','vertex_root'),('f2179340-7594-11e7-96a9-a0c58951c8d5','admin','2017-07-31 10:06:53','127.0.0.1','200','GET','/v1/ca/dispatch/history/details','{\"flag\":\"N\",\"limit\":\"10\",\"offset\":\"0\",\"order\":\"asc\",\"uuid\":\"ca652d19-62f2-4d54-bb3c-d644a840d630\"}','vertex_root'),('fb87631f-75d0-11e7-96a9-a0c58951c8d5','admin','2017-07-31 17:16:39','127.0.0.1','200','GET','/HomePage','{}','vertex_root'),('fb878275-75d0-11e7-96a9-a0c58951c8d5','admin','2017-07-31 17:16:39','127.0.0.1','200','GET','/v1/auth/main/menu','{\"Id\":\"-1\",\"TypeId\":\"0\"}','vertex_root'),('fb879779-75d0-11e7-96a9-a0c58951c8d5','admin','2017-07-31 17:16:39','127.0.0.1','200','GET','/v1/auth/index/entry','{\"Id\":\"0100000000\",\"innerFlag\":\"true\"}','vertex_root'),('fb87acce-75d0-11e7-96a9-a0c58951c8d5','admin','2017-07-31 17:16:39','127.0.0.1','200','GET','/v1/auth/main/menu','{\"Id\":\"0100000000\",\"TypeId\":\"1\"}','vertex_root'),('fb87cb86-75d0-11e7-96a9-a0c58951c8d5','admin','2017-07-31 17:16:39','127.0.0.1','200','GET','/v1/auth/HandleLogsPage','{}','vertex_root'),('fb87e0db-75d0-11e7-96a9-a0c58951c8d5','admin','2017-07-31 17:16:39','127.0.0.1','200','GET','/v1/auth/handle/logs','{\"limit\":\"80\",\"offset\":\"0\",\"order\":\"asc\"}','vertex_root'),('ffc67b3c-76cb-11e7-96a9-a0c58951c8d5','admin','2017-08-01 23:13:21','127.0.0.1','200','GET','/HomePage','{}','vertex_root'),('ffc6eb44-76cb-11e7-96a9-a0c58951c8d5','admin','2017-08-01 23:13:21','127.0.0.1','200','GET','/v1/auth/main/menu','{\"Id\":\"-1\",\"TypeId\":\"0\"}','vertex_root'),('ffc74e84-76cb-11e7-96a9-a0c58951c8d5','admin','2017-08-01 23:13:21','127.0.0.1','200','GET','/v1/auth/index/entry','{\"Id\":\"0100000000\",\"innerFlag\":\"true\"}','vertex_root'),('ffc763d5-76cb-11e7-96a9-a0c58951c8d5','admin','2017-08-01 23:13:21','127.0.0.1','200','GET','/v1/auth/main/menu','{\"Id\":\"0100000000\",\"TypeId\":\"1\"}','vertex_root'),('ffc77c80-76cb-11e7-96a9-a0c58951c8d5','admin','2017-08-01 23:13:21','127.0.0.1','200','GET','/v1/auth/user/page','{}','vertex_root'),('ffc7aceb-76cb-11e7-96a9-a0c58951c8d5','admin','2017-08-01 23:13:21','127.0.0.1','200','GET','/v1/auth/user/get','{\"domain_id\":\"\",\"limit\":\"10\",\"offset\":\"0\",\"order\":\"asc\"}','vertex_root'),('ffc7d089-76cb-11e7-96a9-a0c58951c8d5','admin','2017-08-01 23:13:21','127.0.0.1','200','GET','/v1/auth/domain/self/owner','{}','vertex_root'),('ffc7e57c-76cb-11e7-96a9-a0c58951c8d5','admin','2017-08-01 23:13:21','127.0.0.1','200','GET','/v1/auth/resource/org/get','{\"domain_id\":\"vertex_root\"}','vertex_root'),('ffc7f68d-76cb-11e7-96a9-a0c58951c8d5','admin','2017-08-01 23:13:21','127.0.0.1','200','GET','/v1/auth/user/get','{\"domain_id\":\"demo\",\"limit\":\"10\",\"offset\":\"0\",\"order\":\"asc\"}','vertex_root'),('ffc81fb3-76cb-11e7-96a9-a0c58951c8d5','admin','2017-08-01 23:13:21','127.0.0.1','200','GET','/v1/auth/resource/org/get','{\"domain_id\":\"demo\"}','vertex_root'),('ffc8d89a-76cb-11e7-96a9-a0c58951c8d5','admin','2017-08-01 23:13:21','127.0.0.1','200','GET','/v1/auth/user/get','{\"domain_id\":\"mas\",\"limit\":\"10\",\"offset\":\"0\",\"order\":\"asc\"}','vertex_root'),('ffc92d5a-76cb-11e7-96a9-a0c58951c8d5','admin','2017-08-01 23:13:21','127.0.0.1','200','GET','/v1/auth/resource/org/get','{\"domain_id\":\"mas\"}','vertex_root'),('ffc95baf-76cb-11e7-96a9-a0c58951c8d5','admin','2017-08-01 23:13:21','127.0.0.1','200','GET','/HomePage','{}','vertex_root'),('ffc98c6b-76cb-11e7-96a9-a0c58951c8d5','admin','2017-08-01 23:13:21','127.0.0.1','200','GET','/v1/auth/main/menu','{\"Id\":\"-1\",\"TypeId\":\"0\"}','vertex_root');
/*!40000 ALTER TABLE `sys_handle_logs` ENABLE KEYS */;
UNLOCK TABLES;

--
-- Table structure for table `sys_index_page`
--

DROP TABLE IF EXISTS `sys_index_page`;
/*!40101 SET @saved_cs_client     = @@character_set_client */;
/*!40101 SET character_set_client = utf8 */;
CREATE TABLE `sys_index_page` (
  `theme_id` varchar(30) NOT NULL,
  `res_url` varchar(200) DEFAULT NULL,
  PRIMARY KEY (`theme_id`)
) ENGINE=InnoDB DEFAULT CHARSET=utf8;
/*!40101 SET character_set_client = @saved_cs_client */;

--
-- Dumping data for table `sys_index_page`
--

LOCK TABLES `sys_index_page` WRITE;
/*!40000 ALTER TABLE `sys_index_page` DISABLE KEYS */;
INSERT INTO `sys_index_page` VALUES ('1001','./views/hauth/theme/default/index.tpl'),('1002','./views/hauth/theme/blue/index.tpl'),('1003','./views/hauth/theme/apple/index.tpl'),('1004','./views/hauth/theme/cyan/index.tpl');
/*!40000 ALTER TABLE `sys_index_page` ENABLE KEYS */;
UNLOCK TABLES;

--
-- Table structure for table `sys_org_info`
--

DROP TABLE IF EXISTS `sys_org_info`;
/*!40101 SET @saved_cs_client     = @@character_set_client */;
/*!40101 SET character_set_client = utf8 */;
CREATE TABLE `sys_org_info` (
  `org_unit_id` varchar(66) NOT NULL,
  `org_unit_desc` varchar(300) NOT NULL,
  `up_org_id` varchar(66) NOT NULL,
  `domain_id` varchar(30) NOT NULL,
  `create_date` date NOT NULL,
  `maintance_date` date NOT NULL,
  `create_user` varchar(30) NOT NULL,
  `maintance_user` varchar(30) NOT NULL,
  `code_number` varchar(66) NOT NULL,
  PRIMARY KEY (`org_unit_id`),
  KEY `pk_sys_org_info_03_idx` (`domain_id`),
  CONSTRAINT `fk_sys_org_info_01` FOREIGN KEY (`domain_id`) REFERENCES `sys_domain_define` (`domain_id`) ON DELETE NO ACTION ON UPDATE NO ACTION
) ENGINE=InnoDB DEFAULT CHARSET=utf8;
/*!40101 SET character_set_client = @saved_cs_client */;

--
-- Dumping data for table `sys_org_info`
--

LOCK TABLES `sys_org_info` WRITE;
/*!40000 ALTER TABLE `sys_org_info` DISABLE KEYS */;
INSERT INTO `sys_org_info` VALUES ('demo_join_431243','124314321','demo_join_43243','demo','2017-07-30','2017-07-30','admin','admin','431243'),('demo_join_43243','432432','root_vertex_system','demo','2017-07-27','2017-07-27','admin','admin','43243'),('mas_join_234fda','攀枝花市分行','mas_join_5233454','mas','2017-03-14','2017-04-20','admin','admin','234fda'),('mas_join_34124','工商银行','root_vertex_system','mas','2017-03-01','2017-03-01','admin','admin','34124'),('mas_join_45246543','武汉市分行','mas_join_512345423','mas','2017-03-01','2017-04-24','admin','demo','45246543'),('mas_join_4542346','孝感市分行','mas_join_512345423','mas','2017-03-01','2017-04-21','admin','admin','4542346'),('mas_join_512345423','湖北省分行','mas_join_34124','mas','2017-03-01','2017-04-05','admin','demo','512345423'),('mas_join_5233454','四川省分行','mas_join_34124','mas','2017-03-14','2017-03-14','admin','admin','5233454'),('mas_join_aefd','欧洲分行','mas_join_34124','mas','2017-03-14','2017-03-14','admin','admin','aefd'),('mas_join_fdafdg','贵州省分行','mas_join_34124','mas','2017-03-14','2017-03-14','admin','admin','fdafdg'),('mas_join_fdaga','重庆市分行','mas_join_34124','mas','2017-03-14','2017-03-14','admin','admin','fdaga'),('mas_join_fdagqe','宁夏省分行','mas_join_34124','mas','2017-03-14','2017-03-14','admin','admin','fdagqe'),('mas_join_fdasfd','上海市分行','mas_join_34124','mas','2017-03-14','2017-03-14','admin','admin','fdasfd'),('mas_join_fdsagd','泸州市分行','mas_join_5233454','mas','2017-03-14','2017-03-14','admin','admin','fdsagd'),('mas_join_feqhda','海南省分行','mas_join_34124','mas','2017-03-14','2017-03-14','admin','admin','feqhda'),('mas_join_ffadg','安徽省分行','mas_join_34124','mas','2017-03-14','2017-03-14','admin','admin','ffadg'),('mas_join_fgasdbc','台湾省分行','mas_join_34124','mas','2017-03-14','2017-03-14','admin','admin','fgasdbc'),('mas_join_fgasdf','成都市分行','mas_join_5233454','mas','2017-03-14','2017-03-14','admin','admin','fgasdf'),('mas_join_fgdasdf','南充市分行','mas_join_5233454','mas','2017-03-14','2017-03-14','admin','admin','fgdasdf'),('mas_join_fhadf','香港特别行政区分行','mas_join_34124','mas','2017-03-14','2017-04-24','admin','admin','fhadf'),('mas_join_gasdh3','雅安市分行','mas_join_5233454','mas','2017-03-14','2017-03-14','admin','admin','gasdh3'),('mas_join_reqggfdas','江西省分行','mas_join_34124','mas','2017-03-14','2017-03-14','admin','admin','reqggfdas'),('mas_join_rqreg','北京市分行','mas_join_34124','mas','2017-03-14','2017-03-14','admin','admin','rqreg'),('mas_join_trwt','湖南省分行','mas_join_34124','mas','2017-03-14','2017-03-14','admin','admin','trwt'),('vertex_root_join_vertex_root','系统管理组','root_vertex_system','vertex_root','2016-01-01','2017-04-20','sys','admin','vertex_root');
/*!40000 ALTER TABLE `sys_org_info` ENABLE KEYS */;
UNLOCK TABLES;

--
-- Table structure for table `sys_resource_info`
--

DROP TABLE IF EXISTS `sys_resource_info`;
/*!40101 SET @saved_cs_client     = @@character_set_client */;
/*!40101 SET character_set_client = utf8 */;
CREATE TABLE `sys_resource_info` (
  `res_id` varchar(30) NOT NULL COMMENT '菜单资源编码',
  `res_name` varchar(300) DEFAULT NULL,
  `res_attr` char(1) DEFAULT NULL,
  `res_up_id` varchar(30) DEFAULT NULL,
  `res_type` char(1) DEFAULT NULL,
  `sys_flag` char(1) DEFAULT NULL COMMENT '0：系统内置菜单',
  `inner_flag` varchar(5) DEFAULT NULL COMMENT 'true：内部路由\nfalse：外部路由',
  `service_cd` varchar(30) DEFAULT NULL,
  PRIMARY KEY (`res_id`),
  KEY `fk_sys_idx_13` (`res_type`),
  KEY `fk_sys_idx_14` (`res_attr`),
  CONSTRAINT `fk_sys_idx_13` FOREIGN KEY (`res_type`) REFERENCES `sys_resource_type_attr` (`res_type`),
  CONSTRAINT `fk_sys_idx_14` FOREIGN KEY (`res_attr`) REFERENCES `sys_resource_info_attr` (`res_attr`)
) ENGINE=InnoDB DEFAULT CHARSET=utf8;
/*!40101 SET character_set_client = @saved_cs_client */;

--
-- Dumping data for table `sys_resource_info`
--

LOCK TABLES `sys_resource_info` WRITE;
/*!40000 ALTER TABLE `sys_resource_info` DISABLE KEYS */;
INSERT INTO `sys_resource_info` VALUES ('0100000000','系统管理','0','-1','0','0','true',NULL),('0101000000','系统审计','0','0100000000','4','0','true',NULL),('0101010000','操作查询','1','0101000000','1','0','true',NULL),('0101010100','查看操作日志权限','1','0101010000','2','0','true',NULL),('0101010200','下载操作日志按钮','1','0101010000','2','0','true',NULL),('0101010300','搜索日志信息按钮','1','0101010000','2','0','true',NULL),('0103000000','资源管理','0','0100000000','4','0','true',NULL),('0103010000','菜单管理','1','0103000000','1','0','true',NULL),('0103010100','查询资源信息','1','0103010000','2','0','true',NULL),('0103010200','新增资源信息按钮','1','0103010000','2','0','true',NULL),('0103010300','编辑资源信息按钮','1','0103010000','2','0','true',NULL),('0103010400','删除资源信息按钮','1','0103010000','2','0','true',NULL),('01030104001','删除资源信息按钮','1','0101010000','2','0','true',NULL),('0103010500','配置主题信息按钮','1','0103010000','2','0','true',NULL),('0103020000','组织','1','0105000000','1','0','true',NULL),('0103020100','查询组织架构信息','1','0103020000','2','0','true',NULL),('0103020200','新增组织架构信息按钮','1','0103020000','2','0','true',NULL),('0103020300','更新组织架构信息按钮','1','0103020000','2','0','true',NULL),('0103020400','删除组织架构信息按钮','1','0103020000','2','0','true',NULL),('0103020500','导出组织架构信息按钮','1','0103020000','2','0','true',NULL),('0103030000','本地静态路由','1','0103000000','1',NULL,NULL,NULL),('0103030100','查询共享域信息','1','0104010200','2','0','true',NULL),('0103030200','新增共享域信息按钮','1','0104010200','2','0','true',NULL),('0103030300','删除共享域信息按钮','1','0104010200','2','0','true',NULL),('0103030400','更新共享域信息按钮','1','0104010200','2','0','true',NULL),('0103040000','子系统管理','1','0103000000','1',NULL,NULL,NULL),('0103050000','代理子系统API','1','0103000000','1',NULL,NULL,NULL),('0103060000','代理静态路由','1','0103000000','1',NULL,NULL,NULL),('0104010000','域定义','1','0105000000','1','0','true',NULL),('0104010100','查询域信息','1','0104010000','2','0','true',NULL),('0104010200','共享域管理','1','0104010000','2','0','true',NULL),('0104010300','编辑域信息按钮','1','0104010000','2','0','true',NULL),('0104010400','删除域信息按钮','1','0104010000','2','0','true',NULL),('0104010500','新增域信息按钮','1','0104010000','2','0','true',NULL),('0105000000','用户与安全管理','0','0100000000','4','0','true',NULL),('0105010000','用户','1','0105000000','1','0','true',NULL),('0105010100','查询用户信息','1','0105010000','2','0','true',NULL),('0105010200','新增用户信息按钮','1','0105010000','2','0','true',NULL),('0105010300','编辑用户信息按钮','1','0105010000','2','0','true',NULL),('0105010400','删除用户信息按钮','1','0105010000','2','0','true',NULL),('0105010500','修改用户密码按钮','1','0105010000','2','0','true',NULL),('0105010600','修改用户状态按钮','1','0105010000','2','0','true',NULL),('0105020000','角色','1','0105000000','1','0','true',NULL),('0105020100','查询角色信息','1','0105020000','2','0','true',NULL),('0105020200','新增角色信息按钮','1','0105020000','2','0','true',NULL),('0105020300','更新角色信息按钮','1','0105020000','2','0','true',NULL),('0105020400','删除角色信息按钮','1','0105020000','2','0','true',NULL),('0105020500','角色资源管理','1','0105020000','2','0','true',NULL),('0105020510','查询角色资源信息','1','0105020500','2','0','true',NULL),('0105020520','修改角色资源信息','1','0105020500','2','0','true',NULL),('0105040000','授权','1','0105000000','1','0','true',NULL),('0105040100','授予权限按钮','1','0105040000','2','0','true',NULL),('0105040200','移除权限','1','0105040000','2','0','true',NULL),('0200000000','成本分摊','0','-1','0',NULL,'true',NULL),('0201000000','维度信息管理','0','0200000000','4',NULL,'true',NULL),('0201010000','责任中心','1','0201000000','1',NULL,'true',NULL),('0201030000','成本类别','1','0201000000','1',NULL,'true',NULL),('0201040000','动因信息','1','0201000000','1',NULL,'true',NULL),('0201060000','成本池信息','1','0201000000','1',NULL,'true',NULL),('0202000000','规则定义管理','0','0200000000','4',NULL,'true',NULL),('0202010000','静态规则配置','1','0202000000','1',NULL,'true',NULL),('0202020000','分摊规则','1','0202000000','1',NULL,'true',NULL),('0202040000','规则组配置','1','0202000000','1',NULL,'true',NULL),('0203000000','批次综合管理','0','0200000000','4',NULL,'true',NULL),('0203010000','批次管理','1','0203000000','1',NULL,'true',NULL),('0203020000','批次历史信息','1','0203000000','1',NULL,'true',NULL),('0203040000','费用查询','1','0203000000','1',NULL,'true',NULL),('0203050000','动因查询','1','0203000000','1',NULL,'true',NULL),('0300000000','内部资金转移定价','0','-1','0',NULL,'true',NULL),('0301000000','曲线与规则','0','0300000000','4',NULL,'true',NULL),('0301010000','曲线定义','1','0301000000','1',NULL,'true',NULL),('0301020000','曲线管理','1','0301000000','1',NULL,'true',NULL),('0301050000','定价规则','1','0301000000','1',NULL,'true',NULL),('0302000000','调节项管理','0','0300000000','4',NULL,'true',NULL),('0302010000','内生性调节项','1','0302000000','1',NULL,'true',NULL),('0302020000','政策性调节项','1','0302000000','1',NULL,'true',NULL),('0302030000','过滤器配置管理','1','0302000000','1',NULL,'true',NULL),('0303000000','批次管理','0','0300000000','4',NULL,'true',NULL),('0303010000','单笔试算','1','0303000000','1',NULL,'true',NULL),('0303020000','批次配置','1','0303000000','1',NULL,'true',NULL),('0303030000','批次历史','1','0303000000','1',NULL,'true',NULL),('0400000000','公共维度信息','0','-1','0',NULL,'true',NULL),('0401000000','条线信息','1','0400000000','1',NULL,'true',NULL),('0402000000','产品信息','1','0400000000','1',NULL,'true',NULL),('0403000000','科目信息','1','0400000000','1',NULL,'true',NULL),('0404000000','币种信息','1','0400000000','1',NULL,'true',NULL),('0500000000','批次调度系统','0','-1','0',NULL,'false','dispatch'),('0501000000','调度参数配置','0','0500000000','4',NULL,'false','dispatch'),('0501010000','任务参数定义','1','0501000000','1',NULL,'false','dispatch'),('0501020000','调度核心参数管理','1','0501000000','1',NULL,'false','dispatch'),('0502000000','任务与任务组配置','0','0500000000','4',NULL,'false','dispatch'),('0502010000','任务定义','1','0502000000','1',NULL,'false','dispatch'),('0502020000','任务组定义','1','0502000000','1',NULL,'false','dispatch'),('0503000000','批次配置管理','0','0500000000','4',NULL,'false','dispatch'),('0503010000','批次定义','1','0503000000','1',NULL,'false','dispatch'),('0503020000','批次监控','1','0503000000','1',NULL,'false','dispatch'),('0503030000','批次历史信息','1','0503000000','1',NULL,'false','dispatch'),('1100000000','系统帮助','0','-1','0',NULL,'true',NULL),('1101000000','系统管理帮助','0','1100000000','4',NULL,'true',NULL),('1101010000','系统维护帮助信息','1','1101000000','1',NULL,'true',NULL),('1101020000','API文档','1','1101000000','1',NULL,'true',NULL),('1102000000','管理会计帮助文档','0','1100000000','4',NULL,'true',NULL),('1103000000','公共信息帮助','0','1100000000','4',NULL,'true',NULL),('1200000000','组织首页','0','-1','0',NULL,'false','baidu');
/*!40000 ALTER TABLE `sys_resource_info` ENABLE KEYS */;
UNLOCK TABLES;

--
-- Table structure for table `sys_resource_info_attr`
--

DROP TABLE IF EXISTS `sys_resource_info_attr`;
/*!40101 SET @saved_cs_client     = @@character_set_client */;
/*!40101 SET character_set_client = utf8 */;
CREATE TABLE `sys_resource_info_attr` (
  `res_attr` char(1) NOT NULL,
  `res_attr_desc` varchar(300) DEFAULT NULL,
  PRIMARY KEY (`res_attr`)
) ENGINE=InnoDB DEFAULT CHARSET=utf8;
/*!40101 SET character_set_client = @saved_cs_client */;

--
-- Dumping data for table `sys_resource_info_attr`
--

LOCK TABLES `sys_resource_info_attr` WRITE;
/*!40000 ALTER TABLE `sys_resource_info_attr` DISABLE KEYS */;
INSERT INTO `sys_resource_info_attr` VALUES ('0','目录'),('1','叶子');
/*!40000 ALTER TABLE `sys_resource_info_attr` ENABLE KEYS */;
UNLOCK TABLES;

--
-- Table structure for table `sys_resource_type_attr`
--

DROP TABLE IF EXISTS `sys_resource_type_attr`;
/*!40101 SET @saved_cs_client     = @@character_set_client */;
/*!40101 SET character_set_client = utf8 */;
CREATE TABLE `sys_resource_type_attr` (
  `res_type` char(1) NOT NULL,
  `res_type_desc` varchar(90) DEFAULT NULL,
  PRIMARY KEY (`res_type`)
) ENGINE=InnoDB DEFAULT CHARSET=utf8;
/*!40101 SET character_set_client = @saved_cs_client */;

--
-- Dumping data for table `sys_resource_type_attr`
--

LOCK TABLES `sys_resource_type_attr` WRITE;
/*!40000 ALTER TABLE `sys_resource_type_attr` DISABLE KEYS */;
INSERT INTO `sys_resource_type_attr` VALUES ('0','首页菜单'),('1','子系统菜单'),('2','功能按钮'),('4','虚拟节点');
/*!40000 ALTER TABLE `sys_resource_type_attr` ENABLE KEYS */;
UNLOCK TABLES;

--
-- Table structure for table `sys_role_define`
--

DROP TABLE IF EXISTS `sys_role_define`;
/*!40101 SET @saved_cs_client     = @@character_set_client */;
/*!40101 SET character_set_client = utf8 */;
CREATE TABLE `sys_role_define` (
  `role_id` varchar(66) NOT NULL,
  `role_name` varchar(300) NOT NULL,
  `role_owner` varchar(30) NOT NULL,
  `role_create_date` datetime NOT NULL,
  `role_status_id` char(1) NOT NULL,
  `domain_id` varchar(30) NOT NULL,
  `role_maintance_date` datetime NOT NULL,
  `role_maintance_user` varchar(30) NOT NULL,
  `code_number` varchar(66) NOT NULL,
  PRIMARY KEY (`role_id`),
  KEY `fk_sys_idx_11` (`role_status_id`),
  CONSTRAINT `fk_sys_idx_11` FOREIGN KEY (`role_status_id`) REFERENCES `sys_role_status_attr` (`role_status_id`)
) ENGINE=InnoDB DEFAULT CHARSET=utf8;
/*!40101 SET character_set_client = @saved_cs_client */;

--
-- Dumping data for table `sys_role_define`
--

LOCK TABLES `sys_role_define` WRITE;
/*!40000 ALTER TABLE `sys_role_define` DISABLE KEYS */;
INSERT INTO `sys_role_define` VALUES ('demo_join_432143','4321432143','admin','2017-07-30 10:29:15','0','demo','2017-07-30 10:29:15','admin','432143'),('devops_product_join_43124','43243','ftpadmin','2017-04-13 00:30:15','0','devops_product','2017-04-13 00:30:15','ftpadmin','43124'),('devops_product_join_454235','543254','ftpadmin','2017-04-13 00:31:47','0','devops_product','2017-04-13 00:31:47','ftpadmin','454235'),('devops_product_join_ftpadmin','FTP管理员角色','admin','2017-03-21 09:43:36','0','devops_product','2017-03-21 09:43:36','admin','ftpadmin'),('mas_join_cademo','成本分摊演示角色','admin','2017-03-07 10:36:45','0','mas','2017-04-20 23:11:32','admin','cademo'),('mas_join_ftpdemo','内部资金转移定价演示角色','admin','2017-03-07 10:36:59','0','mas','2017-03-07 10:36:59','admin','ftpdemo'),('mas_join_masadmin','管理会计管理员','admin','2017-03-14 14:44:34','0','mas','2017-04-22 21:03:20','admin','masadmin');
/*!40000 ALTER TABLE `sys_role_define` ENABLE KEYS */;
UNLOCK TABLES;

--
-- Table structure for table `sys_role_resource`
--

DROP TABLE IF EXISTS `sys_role_resource`;
/*!40101 SET @saved_cs_client     = @@character_set_client */;
/*!40101 SET character_set_client = utf8 */;
CREATE TABLE `sys_role_resource` (
  `uuid` varchar(60) NOT NULL DEFAULT 'uuid()',
  `role_id` varchar(66) DEFAULT NULL,
  `res_id` varchar(30) DEFAULT NULL,
  PRIMARY KEY (`uuid`),
  KEY `fk_sys_idx_06` (`res_id`),
  KEY `fk_sys_role_res_01_idx` (`role_id`),
  CONSTRAINT `fk_sys_idx_06` FOREIGN KEY (`res_id`) REFERENCES `sys_resource_info` (`res_id`) ON DELETE CASCADE ON UPDATE CASCADE,
  CONSTRAINT `fk_sys_role_res_01` FOREIGN KEY (`role_id`) REFERENCES `sys_role_define` (`role_id`) ON DELETE CASCADE ON UPDATE CASCADE
) ENGINE=InnoDB DEFAULT CHARSET=utf8;
/*!40101 SET character_set_client = @saved_cs_client */;

--
-- Dumping data for table `sys_role_resource`
--

LOCK TABLES `sys_role_resource` WRITE;
/*!40000 ALTER TABLE `sys_role_resource` DISABLE KEYS */;
INSERT INTO `sys_role_resource` VALUES ('02d6cb28-16e1-11e7-95e0-a0c58951c8d5','mas_join_masadmin','0105040000'),('02d74d86-16e1-11e7-95e0-a0c58951c8d5','mas_join_masadmin','0105040100'),('02d7d7f5-16e1-11e7-95e0-a0c58951c8d5','mas_join_masadmin','0105040200'),('0f65406b-02df-11e7-9b60-a0c58951c8d5','mas_join_cademo','0201000000'),('0f655305-02df-11e7-9b60-a0c58951c8d5','mas_join_cademo','0201040000'),('0f656609-02df-11e7-9b60-a0c58951c8d5','mas_join_cademo','0203000000'),('0f657dda-02df-11e7-9b60-a0c58951c8d5','mas_join_cademo','0201030000'),('0f65938e-02df-11e7-9b60-a0c58951c8d5','mas_join_cademo','0203020000'),('0f65a7da-02df-11e7-9b60-a0c58951c8d5','mas_join_cademo','0203010000'),('0f65d3c9-02df-11e7-9b60-a0c58951c8d5','mas_join_cademo','0202000000'),('0f671952-02df-11e7-9b60-a0c58951c8d5','mas_join_cademo','0202010000'),('0f672d27-02df-11e7-9b60-a0c58951c8d5','mas_join_cademo','0202020000'),('0f6753eb-02df-11e7-9b60-a0c58951c8d5','mas_join_cademo','0202040000'),('0f676552-02df-11e7-9b60-a0c58951c8d5','mas_join_cademo','0203040000'),('0f678912-02df-11e7-9b60-a0c58951c8d5','mas_join_cademo','0200000000'),('0f679a9f-02df-11e7-9b60-a0c58951c8d5','mas_join_cademo','0201010000'),('0f67bbf4-02df-11e7-9b60-a0c58951c8d5','mas_join_cademo','0201060000'),('15498bd1-02df-11e7-9b60-a0c58951c8d5','mas_join_ftpdemo','0302000000'),('15499deb-02df-11e7-9b60-a0c58951c8d5','mas_join_ftpdemo','0303000000'),('1549b2c0-02df-11e7-9b60-a0c58951c8d5','mas_join_ftpdemo','0301020000'),('1549c489-02df-11e7-9b60-a0c58951c8d5','mas_join_ftpdemo','0302030000'),('1549da33-02df-11e7-9b60-a0c58951c8d5','mas_join_ftpdemo','0303010000'),('1549ebe7-02df-11e7-9b60-a0c58951c8d5','mas_join_ftpdemo','0303020000'),('1549ff00-02df-11e7-9b60-a0c58951c8d5','mas_join_ftpdemo','0301000000'),('154a0c8d-02df-11e7-9b60-a0c58951c8d5','mas_join_ftpdemo','0302010000'),('154a1a9e-02df-11e7-9b60-a0c58951c8d5','mas_join_ftpdemo','0303030000'),('154a2a7c-02df-11e7-9b60-a0c58951c8d5','mas_join_ftpdemo','0300000000'),('154a62a2-02df-11e7-9b60-a0c58951c8d5','mas_join_ftpdemo','0302020000'),('154a7233-02df-11e7-9b60-a0c58951c8d5','mas_join_ftpdemo','0301050000'),('32cfc9e5-0ba4-11e7-9649-a0c58951c8d5','mas_join_cademo','0401000000'),('32cfe510-0ba4-11e7-9649-a0c58951c8d5','mas_join_cademo','0402000000'),('32cff514-0ba4-11e7-9649-a0c58951c8d5','mas_join_cademo','0403000000'),('32d00969-0ba4-11e7-9649-a0c58951c8d5','mas_join_cademo','0404000000'),('32d0a0f2-0ba4-11e7-9649-a0c58951c8d5','mas_join_cademo','0400000000'),('4704352b-0acc-11e7-998e-a0c58951c8d5','mas_join_masadmin','1100000000'),('470450e2-0acc-11e7-998e-a0c58951c8d5','mas_join_masadmin','1101000000'),('4704667c-0acc-11e7-998e-a0c58951c8d5','mas_join_masadmin','1102000000'),('47047a55-0acc-11e7-998e-a0c58951c8d5','mas_join_masadmin','1103000000'),('47048c2b-0acc-11e7-998e-a0c58951c8d5','mas_join_masadmin','1101010000'),('55a149ee-1f9d-11e7-9677-a0c58951c8d5','devops_product_join_43124','0105020500'),('55a16810-1f9d-11e7-9677-a0c58951c8d5','devops_product_join_43124','0103020300'),('55a17bc3-1f9d-11e7-9677-a0c58951c8d5','devops_product_join_43124','0105020400'),('55a18b54-1f9d-11e7-9677-a0c58951c8d5','devops_product_join_43124','0104010200'),('55a199c3-1f9d-11e7-9677-a0c58951c8d5','devops_product_join_43124','0103030300'),('55a1b0d0-1f9d-11e7-9677-a0c58951c8d5','devops_product_join_43124','0105020520'),('55a1c1e1-1f9d-11e7-9677-a0c58951c8d5','devops_product_join_43124','0103010000'),('55a1da99-1f9d-11e7-9677-a0c58951c8d5','devops_product_join_43124','0103010400'),('55a1ecf2-1f9d-11e7-9677-a0c58951c8d5','devops_product_join_43124','0105010600'),('55a3cd2a-1f9d-11e7-9677-a0c58951c8d5','devops_product_join_43124','0105000000'),('55a42994-1f9d-11e7-9677-a0c58951c8d5','devops_product_join_43124','0103010500'),('55a48f77-1f9d-11e7-9677-a0c58951c8d5','devops_product_join_43124','0104010000'),('55a4c0d9-1f9d-11e7-9677-a0c58951c8d5','devops_product_join_43124','0105010000'),('55a4efa6-1f9d-11e7-9677-a0c58951c8d5','devops_product_join_43124','0105040000'),('55a51f7f-1f9d-11e7-9677-a0c58951c8d5','devops_product_join_43124','0101010200'),('55a566b2-1f9d-11e7-9677-a0c58951c8d5','devops_product_join_43124','0103020100'),('55a58c3f-1f9d-11e7-9677-a0c58951c8d5','devops_product_join_43124','0103020400'),('55a5abc3-1f9d-11e7-9677-a0c58951c8d5','devops_product_join_43124','0100000000'),('55a5c961-1f9d-11e7-9677-a0c58951c8d5','devops_product_join_43124','0103000000'),('55a5ddd9-1f9d-11e7-9677-a0c58951c8d5','devops_product_join_43124','0103030100'),('55a5f73b-1f9d-11e7-9677-a0c58951c8d5','devops_product_join_43124','0103030400'),('55a61bb2-1f9d-11e7-9677-a0c58951c8d5','devops_product_join_43124','0103020500'),('55a640b7-1f9d-11e7-9677-a0c58951c8d5','devops_product_join_43124','0105040100'),('55a65ed0-1f9d-11e7-9677-a0c58951c8d5','devops_product_join_43124','0103020200'),('55a67332-1f9d-11e7-9677-a0c58951c8d5','devops_product_join_43124','0104010300'),('55a684f2-1f9d-11e7-9677-a0c58951c8d5','devops_product_join_43124','0104010500'),('55a6cb2e-1f9d-11e7-9677-a0c58951c8d5','devops_product_join_43124','0105010300'),('55a711cc-1f9d-11e7-9677-a0c58951c8d5','devops_product_join_43124','0105010500'),('55a7297f-1f9d-11e7-9677-a0c58951c8d5','devops_product_join_43124','0105020100'),('55a74032-1f9d-11e7-9677-a0c58951c8d5','devops_product_join_43124','0101000000'),('55a757d0-1f9d-11e7-9677-a0c58951c8d5','devops_product_join_43124','0101010000'),('55a76915-1f9d-11e7-9677-a0c58951c8d5','devops_product_join_43124','0105020200'),('55a77b15-1f9d-11e7-9677-a0c58951c8d5','devops_product_join_43124','0105020300'),('55a78c3f-1f9d-11e7-9677-a0c58951c8d5','devops_product_join_43124','0105010400'),('55a8088c-1f9d-11e7-9677-a0c58951c8d5','devops_product_join_43124','0103010200'),('55a87773-1f9d-11e7-9677-a0c58951c8d5','devops_product_join_43124','0104010100'),('55a8a7c8-1f9d-11e7-9677-a0c58951c8d5','devops_product_join_43124','0103010100'),('55a8bd08-1f9d-11e7-9677-a0c58951c8d5','devops_product_join_43124','0105040200'),('55a8eaf7-1f9d-11e7-9677-a0c58951c8d5','devops_product_join_43124','0103030200'),('55a900c4-1f9d-11e7-9677-a0c58951c8d5','devops_product_join_43124','0105020510'),('55a912e6-1f9d-11e7-9677-a0c58951c8d5','devops_product_join_43124','0103020000'),('55a925c8-1f9d-11e7-9677-a0c58951c8d5','devops_product_join_43124','0105020000'),('55a938ea-1f9d-11e7-9677-a0c58951c8d5','devops_product_join_43124','0103010300'),('55a94aa1-1f9d-11e7-9677-a0c58951c8d5','devops_product_join_43124','0104010400'),('55a95d48-1f9d-11e7-9677-a0c58951c8d5','devops_product_join_43124','0105010100'),('55a98588-1f9d-11e7-9677-a0c58951c8d5','devops_product_join_43124','0105010200'),('55a9998c-1f9d-11e7-9677-a0c58951c8d5','devops_product_join_43124','0101010100'),('55a9af08-1f9d-11e7-9677-a0c58951c8d5','devops_product_join_43124','0101010300'),('5a587e71-1f9d-11e7-9677-a0c58951c8d5','devops_product_join_43124','0400000000'),('5a588e25-1f9d-11e7-9677-a0c58951c8d5','devops_product_join_43124','0401000000'),('5a589e29-1f9d-11e7-9677-a0c58951c8d5','devops_product_join_43124','0402000000'),('5a5a35ba-1f9d-11e7-9677-a0c58951c8d5','devops_product_join_43124','0403000000'),('5a5a4743-1f9d-11e7-9677-a0c58951c8d5','devops_product_join_43124','0404000000'),('692c628f-1c0a-11e7-9d82-a0c58951c8d5','devops_product_join_ftpadmin','0101010100'),('732b76f3-6d27-11e7-963e-a0c58951c8d5','mas_join_ftpdemo','0103020200'),('732b90c8-6d27-11e7-963e-a0c58951c8d5','mas_join_ftpdemo','0105020100'),('732baac0-6d27-11e7-963e-a0c58951c8d5','mas_join_ftpdemo','0101000000'),('732bbe55-6d27-11e7-963e-a0c58951c8d5','mas_join_ftpdemo','0103000000'),('732bd4cc-6d27-11e7-963e-a0c58951c8d5','mas_join_ftpdemo','0105040000'),('732be94c-6d27-11e7-963e-a0c58951c8d5','mas_join_ftpdemo','0101010200'),('732bfdc0-6d27-11e7-963e-a0c58951c8d5','mas_join_ftpdemo','0101010300'),('732c1377-6d27-11e7-963e-a0c58951c8d5','mas_join_ftpdemo','0101010000'),('732c276a-6d27-11e7-963e-a0c58951c8d5','mas_join_ftpdemo','0104010300'),('732c3cc4-6d27-11e7-963e-a0c58951c8d5','mas_join_ftpdemo','0103030400'),('732c4e0d-6d27-11e7-963e-a0c58951c8d5','mas_join_ftpdemo','0105020510'),('732c5e5e-6d27-11e7-963e-a0c58951c8d5','mas_join_ftpdemo','0103020100'),('732c71bb-6d27-11e7-963e-a0c58951c8d5','mas_join_ftpdemo','0103020500'),('732c8491-6d27-11e7-963e-a0c58951c8d5','mas_join_ftpdemo','0105020400'),('732c96fb-6d27-11e7-963e-a0c58951c8d5','mas_join_ftpdemo','0103030300'),('732ca59e-6d27-11e7-963e-a0c58951c8d5','mas_join_ftpdemo','01030104001'),('732cb804-6d27-11e7-963e-a0c58951c8d5','mas_join_ftpdemo','0103010300'),('732cce44-6d27-11e7-963e-a0c58951c8d5','mas_join_ftpdemo','0105010100'),('732ceff3-6d27-11e7-963e-a0c58951c8d5','mas_join_ftpdemo','0105020200'),('732d0426-6d27-11e7-963e-a0c58951c8d5','mas_join_ftpdemo','0103030200'),('732d1744-6d27-11e7-963e-a0c58951c8d5','mas_join_ftpdemo','0100000000'),('732d28cd-6d27-11e7-963e-a0c58951c8d5','mas_join_ftpdemo','0105000000'),('732d390d-6d27-11e7-963e-a0c58951c8d5','mas_join_ftpdemo','0105020000'),('732d4766-6d27-11e7-963e-a0c58951c8d5','mas_join_ftpdemo','0101010100'),('732ef6b7-6d27-11e7-963e-a0c58951c8d5','mas_join_ftpdemo','0105010600'),('732f075e-6d27-11e7-963e-a0c58951c8d5','mas_join_ftpdemo','0105020300'),('732f1744-6d27-11e7-963e-a0c58951c8d5','mas_join_ftpdemo','0105020500'),('732f2a8d-6d27-11e7-963e-a0c58951c8d5','mas_join_ftpdemo','0103010000'),('732f3f33-6d27-11e7-963e-a0c58951c8d5','mas_join_ftpdemo','0103010100'),('732f5600-6d27-11e7-963e-a0c58951c8d5','mas_join_ftpdemo','0103010200'),('732f7077-6d27-11e7-963e-a0c58951c8d5','mas_join_ftpdemo','0103010500'),('732f929a-6d27-11e7-963e-a0c58951c8d5','mas_join_ftpdemo','0105010400'),('732fa691-6d27-11e7-963e-a0c58951c8d5','mas_join_ftpdemo','0105040100'),('732fb595-6d27-11e7-963e-a0c58951c8d5','mas_join_ftpdemo','0103030100'),('732fc7ef-6d27-11e7-963e-a0c58951c8d5','mas_join_ftpdemo','0105020520'),('732fd8ab-6d27-11e7-963e-a0c58951c8d5','mas_join_ftpdemo','0103020400'),('732fe9d1-6d27-11e7-963e-a0c58951c8d5','mas_join_ftpdemo','0104010100'),('732ffa26-6d27-11e7-963e-a0c58951c8d5','mas_join_ftpdemo','0104010500'),('73300900-6d27-11e7-963e-a0c58951c8d5','mas_join_ftpdemo','0103020000'),('7330162f-6d27-11e7-963e-a0c58951c8d5','mas_join_ftpdemo','0104010000'),('733025ef-6d27-11e7-963e-a0c58951c8d5','mas_join_ftpdemo','0105010000'),('73303484-6d27-11e7-963e-a0c58951c8d5','mas_join_ftpdemo','0103010400'),('73304651-6d27-11e7-963e-a0c58951c8d5','mas_join_ftpdemo','0103020300'),('733058af-6d27-11e7-963e-a0c58951c8d5','mas_join_ftpdemo','0105010200'),('7331f640-6d27-11e7-963e-a0c58951c8d5','mas_join_ftpdemo','0105040200'),('7332acbc-6d27-11e7-963e-a0c58951c8d5','mas_join_ftpdemo','0104010200'),('7332c500-6d27-11e7-963e-a0c58951c8d5','mas_join_ftpdemo','0104010400'),('7332db40-6d27-11e7-963e-a0c58951c8d5','mas_join_ftpdemo','0105010300'),('7332f291-6d27-11e7-963e-a0c58951c8d5','mas_join_ftpdemo','0105010500'),('75915d62-6d27-11e7-963e-a0c58951c8d5','mas_join_ftpdemo','0403000000'),('75917677-6d27-11e7-963e-a0c58951c8d5','mas_join_ftpdemo','0404000000'),('75918cfc-6d27-11e7-963e-a0c58951c8d5','mas_join_ftpdemo','0400000000'),('7591a45a-6d27-11e7-963e-a0c58951c8d5','mas_join_ftpdemo','0401000000'),('7591ba9a-6d27-11e7-963e-a0c58951c8d5','mas_join_ftpdemo','0402000000'),('8009b52c-0ba4-11e7-9649-a0c58951c8d5','mas_join_cademo','0203050000'),('9f6f310f-1f8a-11e7-9677-a0c58951c8d5','devops_product_join_ftpadmin','0400000000'),('9f6f4846-1f8a-11e7-9677-a0c58951c8d5','devops_product_join_ftpadmin','0401000000'),('9f6f630f-1f8a-11e7-9677-a0c58951c8d5','devops_product_join_ftpadmin','0402000000'),('9f6fadc6-1f8a-11e7-9677-a0c58951c8d5','devops_product_join_ftpadmin','0403000000'),('9f6fc475-1f8a-11e7-9677-a0c58951c8d5','devops_product_join_ftpadmin','0404000000'),('a11cab89-1f8a-11e7-9677-a0c58951c8d5','devops_product_join_ftpadmin','1100000000'),('a11cc274-1f8a-11e7-9677-a0c58951c8d5','devops_product_join_ftpadmin','1101000000'),('a11cd974-1f8a-11e7-9677-a0c58951c8d5','devops_product_join_ftpadmin','1102000000'),('a11cee27-1f8a-11e7-9677-a0c58951c8d5','devops_product_join_ftpadmin','1103000000'),('a11cfdc5-1f8a-11e7-9677-a0c58951c8d5','devops_product_join_ftpadmin','1101010000'),('ad96ffe8-0992-11e7-952f-a0c58951c8d5','mas_join_masadmin','0101010000'),('ad972957-0992-11e7-952f-a0c58951c8d5','mas_join_masadmin','0101010300'),('ad973d01-0992-11e7-952f-a0c58951c8d5','mas_join_masadmin','0101000000'),('ad974e5b-0992-11e7-952f-a0c58951c8d5','mas_join_masadmin','0101010200'),('af623c20-1aca-11e7-9d82-a0c58951c8d5','devops_product_join_ftpadmin','0301020000'),('af6254c6-1aca-11e7-9d82-a0c58951c8d5','devops_product_join_ftpadmin','0302010000'),('af6268c2-1aca-11e7-9d82-a0c58951c8d5','devops_product_join_ftpadmin','0302030000'),('af627c0a-1aca-11e7-9d82-a0c58951c8d5','devops_product_join_ftpadmin','0303010000'),('af62b80e-1aca-11e7-9d82-a0c58951c8d5','devops_product_join_ftpadmin','0300000000'),('af62c935-1aca-11e7-9d82-a0c58951c8d5','devops_product_join_ftpadmin','0302000000'),('af62da9f-1aca-11e7-9d82-a0c58951c8d5','devops_product_join_ftpadmin','0303000000'),('af62e857-1aca-11e7-9d82-a0c58951c8d5','devops_product_join_ftpadmin','0302020000'),('af62f630-1aca-11e7-9d82-a0c58951c8d5','devops_product_join_ftpadmin','0303020000'),('af64a874-1aca-11e7-9d82-a0c58951c8d5','devops_product_join_ftpadmin','0303030000'),('af64be06-1aca-11e7-9d82-a0c58951c8d5','devops_product_join_ftpadmin','0301000000'),('af64d2b0-1aca-11e7-9d82-a0c58951c8d5','devops_product_join_ftpadmin','0301010000'),('af64e4f9-1aca-11e7-9d82-a0c58951c8d5','devops_product_join_ftpadmin','0301050000'),('b6ca0b31-0881-11e7-952f-a0c58951c8d5','mas_join_masadmin','0103010300'),('b6ca200b-0881-11e7-952f-a0c58951c8d5','mas_join_masadmin','0103010400'),('b6ca36e4-0881-11e7-952f-a0c58951c8d5','mas_join_masadmin','0103010500'),('b6ca480f-0881-11e7-952f-a0c58951c8d5','mas_join_masadmin','0105010600'),('b6ca5c0b-0881-11e7-952f-a0c58951c8d5','mas_join_masadmin','0103010000'),('b6cab506-0881-11e7-952f-a0c58951c8d5','mas_join_masadmin','0103030200'),('b6cac00f-0881-11e7-952f-a0c58951c8d5','mas_join_masadmin','0103000000'),('b6cad202-0881-11e7-952f-a0c58951c8d5','mas_join_masadmin','0103020000'),('b6cae5b5-0881-11e7-952f-a0c58951c8d5','mas_join_masadmin','0103020400'),('b6caf864-0881-11e7-952f-a0c58951c8d5','mas_join_masadmin','0105010200'),('b6cc6dcb-0881-11e7-952f-a0c58951c8d5','mas_join_masadmin','0105010100'),('b6cc8746-0881-11e7-952f-a0c58951c8d5','mas_join_masadmin','0105020400'),('b6cc9c46-0881-11e7-952f-a0c58951c8d5','mas_join_masadmin','0105000000'),('b6ccae31-0881-11e7-952f-a0c58951c8d5','mas_join_masadmin','0103020200'),('b6ccbf4f-0881-11e7-952f-a0c58951c8d5','mas_join_masadmin','0104010100'),('b6ccd5ad-0881-11e7-952f-a0c58951c8d5','mas_join_masadmin','0104010200'),('b6ccf9f1-0881-11e7-952f-a0c58951c8d5','mas_join_masadmin','0104010300'),('b6cd0a06-0881-11e7-952f-a0c58951c8d5','mas_join_masadmin','0105010300'),('b6cd1c82-0881-11e7-952f-a0c58951c8d5','mas_join_masadmin','0105020510'),('b6cd3017-0881-11e7-952f-a0c58951c8d5','mas_join_masadmin','0105010400'),('b6cd66f5-0881-11e7-952f-a0c58951c8d5','mas_join_masadmin','0104010000'),('b6cd7506-0881-11e7-952f-a0c58951c8d5','mas_join_masadmin','0103010100'),('b6cd8439-0881-11e7-952f-a0c58951c8d5','mas_join_masadmin','0103020500'),('b6cd9375-0881-11e7-952f-a0c58951c8d5','mas_join_masadmin','0105020100'),('b6cda1f9-0881-11e7-952f-a0c58951c8d5','mas_join_masadmin','0105020500'),('b6cdb0d7-0881-11e7-952f-a0c58951c8d5','mas_join_masadmin','0103030100'),('b6cdccfe-0881-11e7-952f-a0c58951c8d5','mas_join_masadmin','0105010000'),('b6cddc28-0881-11e7-952f-a0c58951c8d5','mas_join_masadmin','0103010200'),('b6cdea17-0881-11e7-952f-a0c58951c8d5','mas_join_masadmin','0103020100'),('b6cdfb93-0881-11e7-952f-a0c58951c8d5','mas_join_masadmin','0104010500'),('b6ce08d7-0881-11e7-952f-a0c58951c8d5','mas_join_masadmin','0103030400'),('b6ce14f1-0881-11e7-952f-a0c58951c8d5','mas_join_masadmin','0104010400'),('b6ce228f-0881-11e7-952f-a0c58951c8d5','mas_join_masadmin','0105010500'),('b6ce2ded-0881-11e7-952f-a0c58951c8d5','mas_join_masadmin','0105020200'),('b6ce39b5-0881-11e7-952f-a0c58951c8d5','mas_join_masadmin','0105020300'),('b6ce49b5-0881-11e7-952f-a0c58951c8d5','mas_join_masadmin','0100000000'),('b6ce568f-0881-11e7-952f-a0c58951c8d5','mas_join_masadmin','0105020000'),('b6ce7217-0881-11e7-952f-a0c58951c8d5','mas_join_masadmin','0103020300'),('ca968c8b-289c-11e7-9c7e-a0c58951c8d5','mas_join_cademo','0101010100'),('ca96ae0b-289c-11e7-9c7e-a0c58951c8d5','mas_join_cademo','0101010200'),('ca96c387-289c-11e7-9c7e-a0c58951c8d5','mas_join_cademo','0101010300'),('ca96d85d-289c-11e7-9c7e-a0c58951c8d5','mas_join_cademo','01030104001'),('ca96ecc7-289c-11e7-9c7e-a0c58951c8d5','mas_join_cademo','0101010000'),('ca970110-289c-11e7-9c7e-a0c58951c8d5','mas_join_cademo','0101000000'),('ca9713fa-289c-11e7-9c7e-a0c58951c8d5','mas_join_cademo','0100000000'),('cb09f0fd-0eb9-11e7-9612-a0c58951c8d5','mas_join_masadmin','0101010100'),('d6746779-0ba4-11e7-9649-a0c58951c8d5','mas_join_ftpdemo','0301010000'),('da62fab8-5d52-11e7-9d30-a0c58951c8d5','mas_join_cademo','0103020500'),('da631245-5d52-11e7-9d30-a0c58951c8d5','mas_join_cademo','0104010500'),('da632552-5d52-11e7-9d30-a0c58951c8d5','mas_join_cademo','0103030200'),('da633a5a-5d52-11e7-9d30-a0c58951c8d5','mas_join_cademo','0103030300'),('da634ee7-5d52-11e7-9d30-a0c58951c8d5','mas_join_cademo','0103000000'),('da637645-5d52-11e7-9d30-a0c58951c8d5','mas_join_cademo','0103020300'),('da639938-5d52-11e7-9d30-a0c58951c8d5','mas_join_cademo','0104010300'),('da63bf23-5d52-11e7-9d30-a0c58951c8d5','mas_join_cademo','0103020000'),('da63f896-5d52-11e7-9d30-a0c58951c8d5','mas_join_cademo','0103020100'),('da6406f0-5d52-11e7-9d30-a0c58951c8d5','mas_join_cademo','0104010100'),('da64190d-5d52-11e7-9d30-a0c58951c8d5','mas_join_cademo','0104010200'),('da642c5e-5d52-11e7-9d30-a0c58951c8d5','mas_join_cademo','0103010000'),('da644038-5d52-11e7-9d30-a0c58951c8d5','mas_join_cademo','0104010000'),('da644d67-5d52-11e7-9d30-a0c58951c8d5','mas_join_cademo','0103010100'),('da646c9a-5d52-11e7-9d30-a0c58951c8d5','mas_join_cademo','0103020200'),('da647eda-5d52-11e7-9d30-a0c58951c8d5','mas_join_cademo','0103030100'),('da648ecd-5d52-11e7-9d30-a0c58951c8d5','mas_join_cademo','0103030400'),('dbaf4cc1-0dd7-11e7-9612-a0c58951c8d5','devops_product_join_ftpadmin','0105010200'),('dbaf6401-0dd7-11e7-9612-a0c58951c8d5','devops_product_join_ftpadmin','0104010000'),('dbaf77a3-0dd7-11e7-9612-a0c58951c8d5','devops_product_join_ftpadmin','0101010300'),('dbaf8930-0dd7-11e7-9612-a0c58951c8d5','devops_product_join_ftpadmin','0103020300'),('dbaf991b-0dd7-11e7-9612-a0c58951c8d5','devops_product_join_ftpadmin','0103020500'),('dbafaae3-0dd7-11e7-9612-a0c58951c8d5','devops_product_join_ftpadmin','0104010100'),('dbafbc30-0dd7-11e7-9612-a0c58951c8d5','devops_product_join_ftpadmin','0104010200'),('dbafce38-0dd7-11e7-9612-a0c58951c8d5','devops_product_join_ftpadmin','0104010500'),('dbafdeca-0dd7-11e7-9612-a0c58951c8d5','devops_product_join_ftpadmin','0105020200'),('dbaff192-0dd7-11e7-9612-a0c58951c8d5','devops_product_join_ftpadmin','0105020500'),('dbb01efd-0dd7-11e7-9612-a0c58951c8d5','devops_product_join_ftpadmin','0101010000'),('dbb03370-0dd7-11e7-9612-a0c58951c8d5','devops_product_join_ftpadmin','0105040000'),('dbb0424a-0dd7-11e7-9612-a0c58951c8d5','devops_product_join_ftpadmin','0103020400'),('dbb0533d-0dd7-11e7-9612-a0c58951c8d5','devops_product_join_ftpadmin','0104010300'),('dbb063b8-0dd7-11e7-9612-a0c58951c8d5','devops_product_join_ftpadmin','0105010100'),('dbb07456-0dd7-11e7-9612-a0c58951c8d5','devops_product_join_ftpadmin','0105010300'),('dbb0868e-0dd7-11e7-9612-a0c58951c8d5','devops_product_join_ftpadmin','0105020100'),('dbb098db-0dd7-11e7-9612-a0c58951c8d5','devops_product_join_ftpadmin','0105010000'),('dbb0b6bd-0dd7-11e7-9612-a0c58951c8d5','devops_product_join_ftpadmin','0103030200'),('dbb0c8d6-0dd7-11e7-9612-a0c58951c8d5','devops_product_join_ftpadmin','0103030400'),('dbb0d7e7-0dd7-11e7-9612-a0c58951c8d5','devops_product_join_ftpadmin','0103020000'),('dbb0e45f-0dd7-11e7-9612-a0c58951c8d5','devops_product_join_ftpadmin','0103010100'),('dbb0f052-0dd7-11e7-9612-a0c58951c8d5','devops_product_join_ftpadmin','0103010400'),('dbb0ff4a-0dd7-11e7-9612-a0c58951c8d5','devops_product_join_ftpadmin','0105020400'),('dbb10c30-0dd7-11e7-9612-a0c58951c8d5','devops_product_join_ftpadmin','0103030300'),('dbb1182c-0dd7-11e7-9612-a0c58951c8d5','devops_product_join_ftpadmin','0105020000'),('dbb14505-0dd7-11e7-9612-a0c58951c8d5','devops_product_join_ftpadmin','0103010200'),('dbb265ac-0dd7-11e7-9612-a0c58951c8d5','devops_product_join_ftpadmin','0103010300'),('dbb27678-0dd7-11e7-9612-a0c58951c8d5','devops_product_join_ftpadmin','0105010500'),('dbb2a54e-0dd7-11e7-9612-a0c58951c8d5','devops_product_join_ftpadmin','0105020300'),('dbb2bf78-0dd7-11e7-9612-a0c58951c8d5','devops_product_join_ftpadmin','0105020520'),('dbb2dbb4-0dd7-11e7-9612-a0c58951c8d5','devops_product_join_ftpadmin','0103030100'),('dbb2e9c5-0dd7-11e7-9612-a0c58951c8d5','devops_product_join_ftpadmin','0100000000'),('dbb2f83d-0dd7-11e7-9612-a0c58951c8d5','devops_product_join_ftpadmin','0105000000'),('dbb30885-0dd7-11e7-9612-a0c58951c8d5','devops_product_join_ftpadmin','0103010000'),('dbb322ca-0dd7-11e7-9612-a0c58951c8d5','devops_product_join_ftpadmin','0103020100'),('dbb33adf-0dd7-11e7-9612-a0c58951c8d5','devops_product_join_ftpadmin','0105010400'),('dbb3539b-0dd7-11e7-9612-a0c58951c8d5','devops_product_join_ftpadmin','0105010600'),('dbb36bf8-0dd7-11e7-9612-a0c58951c8d5','devops_product_join_ftpadmin','0105040200'),('dbb38238-0dd7-11e7-9612-a0c58951c8d5','devops_product_join_ftpadmin','0104010400'),('dbb399f4-0dd7-11e7-9612-a0c58951c8d5','devops_product_join_ftpadmin','0105040100'),('dbb3b16c-0dd7-11e7-9612-a0c58951c8d5','devops_product_join_ftpadmin','0101000000'),('dbb3c901-0dd7-11e7-9612-a0c58951c8d5','devops_product_join_ftpadmin','0103000000'),('dbb3ddce-0dd7-11e7-9612-a0c58951c8d5','devops_product_join_ftpadmin','0101010200'),('dbb3f538-0dd7-11e7-9612-a0c58951c8d5','devops_product_join_ftpadmin','0103010500'),('dbb40745-0dd7-11e7-9612-a0c58951c8d5','devops_product_join_ftpadmin','0103020200'),('dbb41aa7-0dd7-11e7-9612-a0c58951c8d5','devops_product_join_ftpadmin','0105020510'),('dd29deb8-5d52-11e7-9d30-a0c58951c8d5','mas_join_cademo','0105020510'),('dd29f692-5d52-11e7-9d30-a0c58951c8d5','mas_join_cademo','0105020200'),('dd2a0c09-5d52-11e7-9d30-a0c58951c8d5','mas_join_cademo','0105020000'),('dd2a1fda-5d52-11e7-9d30-a0c58951c8d5','mas_join_cademo','0105010200'),('dd2a3152-5d52-11e7-9d30-a0c58951c8d5','mas_join_cademo','0105010600'),('dd2a63c9-5d52-11e7-9d30-a0c58951c8d5','mas_join_cademo','0105010000'),('dd2a7bf4-5d52-11e7-9d30-a0c58951c8d5','mas_join_cademo','0105040000'),('dd2a9152-5d52-11e7-9d30-a0c58951c8d5','mas_join_cademo','0105010100'),('dd2aa478-5d52-11e7-9d30-a0c58951c8d5','mas_join_cademo','0105010500'),('dd2ab823-5d52-11e7-9d30-a0c58951c8d5','mas_join_cademo','0105020100'),('dd2ac6e3-5d52-11e7-9d30-a0c58951c8d5','mas_join_cademo','0105020300'),('dd2ad7b4-5d52-11e7-9d30-a0c58951c8d5','mas_join_cademo','0105020500'),('dd2ae6a7-5d52-11e7-9d30-a0c58951c8d5','mas_join_cademo','0105000000'),('dd2b2727-5d52-11e7-9d30-a0c58951c8d5','mas_join_cademo','0105010400'),('dd2b3a78-5d52-11e7-9d30-a0c58951c8d5','mas_join_cademo','0105010300'),('ea3aa622-74ce-11e7-96a9-a0c58951c8d5','demo_join_432143','0303000000'),('ea3b0cf3-74ce-11e7-96a9-a0c58951c8d5','demo_join_432143','0301050000'),('ea3b5fe2-74ce-11e7-96a9-a0c58951c8d5','demo_join_432143','0302010000'),('ea3b7511-74ce-11e7-96a9-a0c58951c8d5','demo_join_432143','0302020000'),('ea3b8d15-74ce-11e7-96a9-a0c58951c8d5','demo_join_432143','0303020000'),('ea3ba3b8-74ce-11e7-96a9-a0c58951c8d5','demo_join_432143','0300000000'),('ea3bbbcd-74ce-11e7-96a9-a0c58951c8d5','demo_join_432143','0302000000'),('ea3bd29a-74ce-11e7-96a9-a0c58951c8d5','demo_join_432143','0301010000'),('ea3bea44-74ce-11e7-96a9-a0c58951c8d5','demo_join_432143','0301020000'),('ea3c0038-74ce-11e7-96a9-a0c58951c8d5','demo_join_432143','0302030000'),('ea3c1791-74ce-11e7-96a9-a0c58951c8d5','demo_join_432143','0303010000'),('ea3c3311-74ce-11e7-96a9-a0c58951c8d5','demo_join_432143','0303030000'),('ea3c4dc0-74ce-11e7-96a9-a0c58951c8d5','demo_join_432143','0301000000'),('ee1cec35-71dc-11e7-963e-a0c58951c8d5','mas_join_masadmin','0502010000'),('ee1d095b-71dc-11e7-963e-a0c58951c8d5','mas_join_masadmin','0502020000'),('ee1d217d-71dc-11e7-963e-a0c58951c8d5','mas_join_masadmin','0503010000'),('ee1d3aca-71dc-11e7-963e-a0c58951c8d5','mas_join_masadmin','0503020000'),('ee1d5331-71dc-11e7-963e-a0c58951c8d5','mas_join_masadmin','0503000000'),('ee1d6b1b-71dc-11e7-963e-a0c58951c8d5','mas_join_masadmin','0501010000'),('ee1d84ac-71dc-11e7-963e-a0c58951c8d5','mas_join_masadmin','0501020000'),('ee1d9db5-71dc-11e7-963e-a0c58951c8d5','mas_join_masadmin','0503030000'),('ee1db0e4-71dc-11e7-963e-a0c58951c8d5','mas_join_masadmin','0500000000'),('ee1dc1f9-71dc-11e7-963e-a0c58951c8d5','mas_join_masadmin','0501000000'),('ee1e25c2-71dc-11e7-963e-a0c58951c8d5','mas_join_masadmin','0502000000');
/*!40000 ALTER TABLE `sys_role_resource` ENABLE KEYS */;
UNLOCK TABLES;

--
-- Table structure for table `sys_role_status_attr`
--

DROP TABLE IF EXISTS `sys_role_status_attr`;
/*!40101 SET @saved_cs_client     = @@character_set_client */;
/*!40101 SET character_set_client = utf8 */;
CREATE TABLE `sys_role_status_attr` (
  `role_status_id` char(1) NOT NULL,
  `role_status_desc` varchar(300) DEFAULT NULL,
  PRIMARY KEY (`role_status_id`)
) ENGINE=InnoDB DEFAULT CHARSET=utf8;
/*!40101 SET character_set_client = @saved_cs_client */;

--
-- Dumping data for table `sys_role_status_attr`
--

LOCK TABLES `sys_role_status_attr` WRITE;
/*!40000 ALTER TABLE `sys_role_status_attr` DISABLE KEYS */;
INSERT INTO `sys_role_status_attr` VALUES ('0','正常'),('1','锁定'),('2','失效');
/*!40000 ALTER TABLE `sys_role_status_attr` ENABLE KEYS */;
UNLOCK TABLES;

--
-- Table structure for table `sys_role_user`
--

DROP TABLE IF EXISTS `sys_role_user`;
/*!40101 SET @saved_cs_client     = @@character_set_client */;
/*!40101 SET character_set_client = utf8 */;
CREATE TABLE `sys_role_user` (
  `uuid` varchar(60) NOT NULL,
  `role_id` varchar(66) DEFAULT NULL,
  `user_id` varchar(30) DEFAULT NULL,
  `create_date` date DEFAULT NULL,
  `create_user` varchar(30) DEFAULT NULL,
  PRIMARY KEY (`uuid`),
  KEY `fk_sys_idx_03` (`user_id`),
  KEY `fk_sys_role_user_01_idx` (`role_id`),
  CONSTRAINT `fk_sys_idx_03` FOREIGN KEY (`user_id`) REFERENCES `sys_user_info` (`user_id`) ON DELETE CASCADE ON UPDATE CASCADE,
  CONSTRAINT `fk_sys_role_user_01` FOREIGN KEY (`role_id`) REFERENCES `sys_role_define` (`role_id`) ON DELETE CASCADE ON UPDATE CASCADE
) ENGINE=InnoDB DEFAULT CHARSET=utf8;
/*!40101 SET character_set_client = @saved_cs_client */;

--
-- Dumping data for table `sys_role_user`
--

LOCK TABLES `sys_role_user` WRITE;
/*!40000 ALTER TABLE `sys_role_user` DISABLE KEYS */;
INSERT INTO `sys_role_user` VALUES ('caadmin_join_mas_join_cademo','mas_join_cademo','caadmin','2017-06-28','admin'),('demo_join_mas_join_cademo','mas_join_cademo','demo','2017-06-28','admin'),('ftpadmin_join_mas_join_ftpdemo','mas_join_ftpdemo','ftpadmin','2017-07-20','admin'),('ftpadmin_join_mas_join_masadmin','mas_join_masadmin','ftpadmin','2017-07-30','admin');
/*!40000 ALTER TABLE `sys_role_user` ENABLE KEYS */;
UNLOCK TABLES;

--
-- Table structure for table `sys_sec_user`
--

DROP TABLE IF EXISTS `sys_sec_user`;
/*!40101 SET @saved_cs_client     = @@character_set_client */;
/*!40101 SET character_set_client = utf8 */;
CREATE TABLE `sys_sec_user` (
  `user_id` varchar(30) NOT NULL,
  `user_passwd` varchar(30) DEFAULT NULL,
  `status_id` char(1) DEFAULT NULL,
  `continue_error_cnt` int(11) DEFAULT NULL,
  PRIMARY KEY (`user_id`),
  KEY `fk_sys_idx_02` (`status_id`),
  CONSTRAINT `fk_sys_idx_01` FOREIGN KEY (`user_id`) REFERENCES `sys_user_info` (`user_id`) ON DELETE CASCADE ON UPDATE CASCADE,
  CONSTRAINT `fk_sys_idx_02` FOREIGN KEY (`status_id`) REFERENCES `sys_user_status_attr` (`status_id`)
) ENGINE=InnoDB DEFAULT CHARSET=utf8;
/*!40101 SET character_set_client = @saved_cs_client */;

--
-- Dumping data for table `sys_sec_user`
--

LOCK TABLES `sys_sec_user` WRITE;
/*!40000 ALTER TABLE `sys_sec_user` DISABLE KEYS */;
INSERT INTO `sys_sec_user` VALUES ('admin','rVbaiQ3XuCj8aCnhIL1KAA==','0',0),('caadmin','CguSVgQY2Df4LxG0UT/xwA==','0',0),('demo','CguSVgQY2Df4LxG0UT/xwA==','0',0),('ftpadmin','CguSVgQY2Df4LxG0UT/xwA==','0',0);
/*!40000 ALTER TABLE `sys_sec_user` ENABLE KEYS */;
UNLOCK TABLES;

--
-- Table structure for table `sys_theme_define`
--

DROP TABLE IF EXISTS `sys_theme_define`;
/*!40101 SET @saved_cs_client     = @@character_set_client */;
/*!40101 SET character_set_client = utf8 */;
CREATE TABLE `sys_theme_define` (
  `theme_id` varchar(30) NOT NULL,
  `theme_desc` varchar(120) DEFAULT NULL,
  PRIMARY KEY (`theme_id`)
) ENGINE=InnoDB DEFAULT CHARSET=utf8;
/*!40101 SET character_set_client = @saved_cs_client */;

--
-- Dumping data for table `sys_theme_define`
--

LOCK TABLES `sys_theme_define` WRITE;
/*!40000 ALTER TABLE `sys_theme_define` DISABLE KEYS */;
INSERT INTO `sys_theme_define` VALUES ('1001','绿色主题'),('1002','深蓝主题'),('1003','粉色主题'),('1004','青色主题');
/*!40000 ALTER TABLE `sys_theme_define` ENABLE KEYS */;
UNLOCK TABLES;

--
-- Table structure for table `sys_theme_resource`
--

DROP TABLE IF EXISTS `sys_theme_resource`;
/*!40101 SET @saved_cs_client     = @@character_set_client */;
/*!40101 SET character_set_client = utf8 */;
CREATE TABLE `sys_theme_resource` (
  `uuid` varchar(60) NOT NULL,
  `theme_id` varchar(30) DEFAULT NULL,
  `res_id` varchar(30) DEFAULT NULL,
  `res_url` varchar(120) DEFAULT NULL,
  `res_type` varchar(5) DEFAULT NULL,
  `res_bg_color` varchar(30) DEFAULT NULL,
  `res_class` varchar(90) DEFAULT NULL,
  `group_id` char(1) DEFAULT NULL,
  `res_img` varchar(200) DEFAULT NULL,
  `sort_id` decimal(10,0) DEFAULT NULL,
  `new_iframe` varchar(5) DEFAULT NULL,
  PRIMARY KEY (`uuid`),
  KEY `pk_sys_theme_value_01` (`uuid`)
) ENGINE=InnoDB DEFAULT CHARSET=utf8;
/*!40101 SET character_set_client = @saved_cs_client */;

--
-- Dumping data for table `sys_theme_resource`
--

LOCK TABLES `sys_theme_resource` WRITE;
/*!40000 ALTER TABLE `sys_theme_resource` DISABLE KEYS */;
INSERT INTO `sys_theme_resource` VALUES ('00714873-07ed-11e7-952f-a0c58951c8d5','1001','0105010600','/v1/auth/user/modify/status','0','','','','',0,'false'),('015376ca-2b2b-11e7-9c7e-a0c58951c8d5','1002','0400000000','./views/mas/common/blue/dimension.tpl','0','#FFCC33','tile tile-wide','3','/static/images/hauth/system.png',1,'false'),('0287ee48-2b28-11e7-9c7e-a0c58951c8d5','1002','0105020400','/v1/auth/role/delete','0','','tile','','',0,'false'),('04322974-2b45-11e7-9c7e-a0c58951c8d5','1003','0301010000','/v1/ftp/curve/define/page','0','#666699','tile','1','/static/images/hauth/curve_define.png',1,'false'),('052dc4ac-2b28-11e7-9c7e-a0c58951c8d5','1002','0105020500','/v1/auth/role/resource/details','0','','tile','','',0,'false'),('0574add7-07e7-11e7-952f-a0c58951c8d5','1001','0103020300','/v1/auth/resource/org/update','0','','','','',0,'false'),('06cd1570-720f-11e7-963e-a0c58951c8d5','1002','0103050000','/v1/sso/subsystem/api/page','0','#ed9f86','tile','1','/static/images/ca_icon/index.png',4,NULL),('07ab049a-2b2b-11e7-9c7e-a0c58951c8d5','1002','0401000000','/v1/common/depart/page','0','#6fc07c','tile tile-wide','1','/static/images/common_icon/department.png',1,'false'),('080a1969-2b45-11e7-9c7e-a0c58951c8d5','1002','0301020000','/v1/ftp/curve/manage/page','0','#336699','tile','1','/static/images/hauth/curve_manage.png',2,'false'),('0875a5f3-2b28-11e7-9c7e-a0c58951c8d5','1002','0105020510','/v1/auth/role/resource/get','0','','tile','','',0,'false'),('08de2dad-720f-11e7-963e-a0c58951c8d5','1003','0103050000','/v1/sso/subsystem/api/page','0','#ed9f86','tile','1','/static/images/ca_icon/index.png',4,NULL),('098dd130-2b2b-11e7-9c7e-a0c58951c8d5','1002','0402000000','/v1/common/product/page','0','#92cdd2','tile tile-wide','1','/static/images/common_icon/product.png',2,'false'),('09f345ff-2b45-11e7-9c7e-a0c58951c8d5','1003','0301020000','/v1/ftp/curve/manage/page','0','#336699','tile','1','/static/images/hauth/curve_manage.png',2,'false'),('09f47f4e-2b44-11e7-9c7e-a0c58951c8d5','1003','0200000000','./views/mas/ca/apple/ca.tpl','0','#666699','tile tile-wide','2','/static/images/hauth/grant.png',1,'false'),('0a6ed393-720f-11e7-963e-a0c58951c8d5','1004','0103050000','/v1/sso/subsystem/api/page','0','#ed9f86','tile','1','/static/images/ca_icon/index.png',4,NULL),('0a964ef9-2b28-11e7-9c7e-a0c58951c8d5','1002','0105020520','/v1/auth/role/resource/rights','0','','tile','','',0,'false'),('0bbabbfb-2b2b-11e7-9c7e-a0c58951c8d5','1002','0403000000','/v1/common/glaccount/page','0','#ed9f86','tile tile-large','2','/static/images/common_icon/gl_account.png',1,'false'),('0d1637eb-2b45-11e7-9c7e-a0c58951c8d5','1002','0301050000','/v1/ftp/rules/manage/page','0','#99CC33','tile tile-wide','1','/static/images/hauth/ftp_rules.png',3,'false'),('0db2afab-2b2b-11e7-9c7e-a0c58951c8d5','1002','0404000000','/v1/common/isocurrency/page','0','#67accd','tile tile-large','3','/static/images/common_icon/iso_currency.png',1,'false'),('0e4ca28b-2b28-11e7-9c7e-a0c58951c8d5','1002','0105040000','/v1/auth/batch/page','0','#339999','tile','2','/static/images/hauth/grant.png',4,'false'),('0e9aec3f-094c-11e7-952f-a0c58951c8d5','1001','0203050000','/v1/ca/driver/manage/page','0','#CC6600','tile','3','/static/images/ca_icon/driver_query.png',4,'false'),('0ea14dd4-2b45-11e7-9c7e-a0c58951c8d5','1003','0301050000','/v1/ftp/rules/manage/page','0','#99CC33','tile tile-wide','1','/static/images/hauth/ftp_rules.png',3,'false'),('0f9303e2-07f2-11e7-952f-a0c58951c8d5','1001','0105040100','/v1/auth/user/roles/auth','0','','','','',0,'false'),('1001-0100000000','1001','0100000000','./views/hauth/theme/default/sysconfig.tpl','0','#FF6600','tile tile-wide','1','/static/images/hauth/system.png',1,'false'),('1001-0101010000','1001','0101010000','/v1/auth/HandleLogsPage','0','#336699','tile tile-large','3','/static/images/hauth/logs_shen.png',1,'false'),('1001-0103010000','1001','0103010000','/v1/auth/resource/page','0','#666699','tile','1','/static/images/hauth/menus.png',5,'false'),('1001-0103020000','1001','0103020000','/v1/auth/resource/org/page','0','#FF6666','tile','2','/static/images/hauth/org.png',2,'false'),('1001-0104010000','1001','0104010000','/v1/auth/domain/page','0','#0099CC','tile','2','/static/images/hauth/domain.png',1,'false'),('1001-0105010000','1001','0105010000','/v1/auth/user/page','0','#CC6600','tile tile-wide','2','/static/images/hauth/user_manager.png',3,'false'),('1001-0105020000','1001','0105020000','/v1/auth/role/page','0','#FFCC33','tile','2','/static/images/hauth/role_manager.png',4,'false'),('1001-0105040000','1001','0105040000','/v1/auth/batch/page','0','#339999','tile','2','/static/images/hauth/grant.png',4,'false'),('107e273d-2b28-11e7-9c7e-a0c58951c8d5','1002','0105040100','/v1/auth/user/roles/auth','0','','tile','','',0,'false'),('10f8e018-2b45-11e7-9c7e-a0c58951c8d5','1002','0302010000','/v1/ftp/adjust/inner/page','0','#0099CC','tile','2','/static/images/hauth/ftp_inner_adjust.png',2,'false'),('12cd5409-2b28-11e7-9c7e-a0c58951c8d5','1002','0105040200','/v1/auth/user/roles/revoke','0','','tile','','',0,'false'),('12d82536-2b45-11e7-9c7e-a0c58951c8d5','1003','0302010000','/v1/ftp/adjust/inner/page','0','#0099CC','tile','2','/static/images/hauth/ftp_inner_adjust.png',2,'false'),('14c02da6-2b45-11e7-9c7e-a0c58951c8d5','1002','0302020000','/v1/ftp/adjust/outer/page','0','#CC6600','tile','2','/static/images/hauth/ftp_outer_adjust.png',3,'false'),('14d34e0f-2b44-11e7-9c7e-a0c58951c8d5','1003','0201010000','/v1/ca/responsibility/page','0','#6fc07c','tile tile-wide','1','/static/images/ca_icon/org_info.png',1,'false'),('165ca720-2b45-11e7-9c7e-a0c58951c8d5','1003','0302020000','/v1/ftp/adjust/outer/page','0','#CC6600','tile','2','/static/images/hauth/ftp_outer_adjust.png',3,'false'),('1797ac80-024c-11e7-9b60-a0c58951c8d5','1001','0303030000','/v1/ftp/dispatch/history/page','0','#009999','tile','3','/static/images/hauth/ftp_dispatch_history.png',3,'false'),('186b1431-2b44-11e7-9c7e-a0c58951c8d5','1003','0201030000','/v1/ca/cost/direction/page','0','#FF9999','tile','1','/static/images/ca_icon/cost_direction.png',3,'false'),('18c97590-2b45-11e7-9c7e-a0c58951c8d5','1002','0302030000','/v1/ftp/filter/define/page','0','#FFCC33','tile tile-wide','2','/static/images/hauth/ftp_filter.png',1,'false'),('19c73fba-0248-11e7-9b60-a0c58951c8d5','1001','0202020000','/v1/ca/amart/rules/page','0','#3399CC','tile tile-wide','2','/static/images/ca_icon/amart_rules.png',2,'false'),('1aa86a37-2b45-11e7-9c7e-a0c58951c8d5','1003','0302030000','/v1/ftp/filter/define/page','0','#FFCC33','tile tile-wide','2','/static/images/hauth/ftp_filter.png',1,'false'),('1ac87e71-2b44-11e7-9c7e-a0c58951c8d5','1003','0201040000','/v1/ca/driver/page','0','#b4d39e','tile','1','/static/images/ca_icon/driver_info.png',4,'false'),('1bde8991-07e9-11e7-952f-a0c58951c8d5','1001','0103010100','/v1/auth/resource/get','0','','','','',0,'false'),('1bf270aa-07e7-11e7-952f-a0c58951c8d5','1001','0103020400','/v1/auth/resource/org/delete','0','','','','',0,'false'),('1c30f988-07e2-11e7-952f-a0c58951c8d5','1001','0103030400','/v1/auth/domain/share/put','0','','','','',0,'false'),('1d205fdc-2b44-11e7-9c7e-a0c58951c8d5','1003','0201060000','/v1/ca/cost/page','0','#e4d690','tile tile-wide','1','/static/images/ca_icon/cost_pool.png',6,'false'),('209d20b2-2b45-11e7-9c7e-a0c58951c8d5','1002','0303010000','/v1/ftp/single/calc/page','0','#FF6666','tile tile-wide','3','/static/images/hauth/ftp_single_calc.png',1,'false'),('215c357e-2b44-11e7-9c7e-a0c58951c8d5','1003','0203010000','/v1/ca/dispatch/page','0','#666699','tile tile-wide','3','/static/images/ca_icon/dispatch_manage.png',1,'false'),('22a8ba05-2b45-11e7-9c7e-a0c58951c8d5','1003','0303010000','/v1/ftp/single/calc/page','0','#FF6666','tile tile-wide','3','/static/images/hauth/ftp_single_calc.png',1,'false'),('239acba3-2b44-11e7-9c7e-a0c58951c8d5','1003','0203020000','/v1/ca/dispatch/history/page','0','#339999','tile tile-wide','3','/static/images/ca_icon/dispatch_history.png',2,'false'),('25165700-07f2-11e7-952f-a0c58951c8d5','1001','0105040200','/v1/auth/user/roles/revoke','0','','','','',0,'false'),('258f0649-2b45-11e7-9c7e-a0c58951c8d5','1002','0303020000','/v1/ftp/dispatch/manage/page','0','#009933','tile','3','/static/images/hauth/ftp_dispatch.png',2,'false'),('264e0d55-71fb-11e7-963e-a0c58951c8d5','1001','0103030000','/v1/sso/local/static/page','0','#009966','tile','1','/static/images/ca_icon/index.png',4,NULL),('270af058-2b45-11e7-9c7e-a0c58951c8d5','1003','0303020000','/v1/ftp/dispatch/manage/page','0','#009933','tile','3','/static/images/hauth/ftp_dispatch.png',2,'false'),('2824ed08-2b44-11e7-9c7e-a0c58951c8d5','1003','0203040000','/v1/ca/cost/manage/page','0','#FFCC33','tile','3','/static/images/ca_icon/cost_query.png',3,'false'),('29cadde3-2b45-11e7-9c7e-a0c58951c8d5','1002','0303030000','/v1/ftp/dispatch/history/page','0','#009999','tile','3','/static/images/hauth/ftp_dispatch_history.png',3,'false'),('2a58bc0b-2b44-11e7-9c7e-a0c58951c8d5','1003','0203050000','/v1/ca/driver/manage/page','0','#CC6600','tile','3','/static/images/ca_icon/driver_query.png',4,'false'),('2ba922e4-2b45-11e7-9c7e-a0c58951c8d5','1003','0303030000','/v1/ftp/dispatch/history/page','0','#009999','tile','3','/static/images/hauth/ftp_dispatch_history.png',3,'false'),('316dda9d-71fb-11e7-963e-a0c58951c8d5','1002','0103030000','/v1/sso/local/static/page','0','#009966','tile','1','/static/images/ca_icon/index.png',4,NULL),('32cb5534-2b45-11e7-9c7e-a0c58951c8d5','1003','0401000000','/v1/common/depart/page','0','#6fc07c','tile tile-wide','1','/static/images/common_icon/department.png',1,'false'),('33388d48-71fb-11e7-963e-a0c58951c8d5','1003','0103030000','/v1/sso/local/static/page','0','#009966','tile','1','/static/images/ca_icon/index.png',4,NULL),('33b9cb0c-07e9-11e7-952f-a0c58951c8d5','1001','0103010200','/v1/auth/resource/post','0','','','','',0,'false'),('3403b3b7-2b44-11e7-9c7e-a0c58951c8d5','1003','1100000000','./views/help/default/syshelp.tpl','0','#0099CC','tile tile-wide','3','/static/images/hauth/help.png',1,'false'),('350dd891-2b45-11e7-9c7e-a0c58951c8d5','1003','0402000000','/v1/common/product/page','0','#92cdd2','tile tile-wide','1','/static/images/common_icon/product.png',2,'false'),('353f9592-71fb-11e7-963e-a0c58951c8d5','1004','0103030000','/v1/sso/local/static/page','0','#009966','tile','1','/static/images/ca_icon/index.png',4,NULL),('37ceac85-2b44-11e7-9c7e-a0c58951c8d5','1003','1101010000','/v1/help/system/help','0','#339999','tile tile-wide','1','/static/images/hauth/sys_help.png',1,'false'),('3a0e741e-2b44-11e7-9c7e-a0c58951c8d5','1003','1101020000','/v1/auth/swagger/page','1','#339999','tile tile-wide','2','/static/images/hauth/api.png',1,'false'),('3d237ba7-07e7-11e7-952f-a0c58951c8d5','1001','0103020500','/v1/auth/resource/org/download','0','','','','',0,'false'),('3e3b64e8-2b45-11e7-9c7e-a0c58951c8d5','1003','0403000000','/v1/common/glaccount/page','0','#ed9f86','tile tile-large','2','/static/images/common_icon/gl_account.png',1,'false'),('40813c9f-2b45-11e7-9c7e-a0c58951c8d5','1003','0404000000','/v1/common/isocurrency/page','0','#67accd','tile tile-large','3','/static/images/common_icon/iso_currency.png',1,'false'),('40940862-720f-11e7-963e-a0c58951c8d5','1001','0103060000','/v1/sso/proxy/static/page','0','#FFCC33','tile','1','/static/images/dispatch_icon/etl.png',3,NULL),('43ad2a9a-07f1-11e7-952f-a0c58951c8d5','1001','0105020510','/v1/auth/role/resource/get','0','','','','',0,'false'),('44ee39cc-720f-11e7-963e-a0c58951c8d5','1002','0103060000','/v1/sso/proxy/static/page','0','#FFCC33','tile','1','/static/images/dispatch_icon/etl.png',3,NULL),('46c22c38-720f-11e7-963e-a0c58951c8d5','1003','0103060000','/v1/sso/proxy/static/page','0','#FFCC33','tile','1','/static/images/dispatch_icon/etl.png',3,NULL),('48460086-07e9-11e7-952f-a0c58951c8d5','1001','0103010300','/v1/auth/resource/update','0','','','','',0,'false'),('4892c00e-720f-11e7-963e-a0c58951c8d5','1004','0103060000','/v1/sso/proxy/static/page','0','#FFCC33','tile','1','/static/images/dispatch_icon/etl.png',3,NULL),('48fb4303-04a4-11e7-9b60-a0c58951c8d5','1001','0301010000','/v1/ftp/curve/define/page','0','#666699','tile','1','/static/images/hauth/curve_define.png',1,'false'),('4fd8fdcf-2b42-11e7-9c7e-a0c58951c8d5','1002','1100000000','./views/help/default/syshelp.tpl','0','#0099CC','tile tile-wide','3','/static/images/hauth/help.png',1,'false'),('5046d07a-0247-11e7-9b60-a0c58951c8d5','1001','0201030000','/v1/ca/cost/direction/page','0','#FF9999','tile','1','/static/images/ca_icon/cost_direction.png',3,'false'),('51a5bff2-2b28-11e7-9c7e-a0c58951c8d5','1002','0105010000','/v1/auth/user/page','0','#CC6600','tile tile-wide','2','/static/images/hauth/user_manager.png',3,'false'),('53c3813f-024c-11e7-9b60-a0c58951c8d5','1001','0302030000','/v1/ftp/filter/define/page','0','#FFCC33','tile tile-wide','2','/static/images/hauth/ftp_filter.png',1,'false'),('54786c62-0246-11e7-9b60-a0c58951c8d5','1001','0200000000','./views/mas/ca/cyan/ca.tpl','0','#666699','tile tile-wide','2','/static/images/hauth/grant.png',1,'false'),('5a7d8dbf-07f1-11e7-952f-a0c58951c8d5','1001','0105020520','/v1/auth/role/resource/rights','0','','','','',0,'false'),('5c60abdd-024b-11e7-9b60-a0c58951c8d5','1001','0301050000','/v1/ftp/rules/manage/page','0','#99CC33','tile tile-wide','1','/static/images/hauth/ftp_rules.png',3,'false'),('5dcfdfc0-2b42-11e7-9c7e-a0c58951c8d5','1002','1101010000','/v1/help/system/help','0','#339999','tile tile-wide','1','/static/images/hauth/sys_help.png',1,'false'),('60c6e788-2b42-11e7-9c7e-a0c58951c8d5','1002','1101020000','/v1/auth/swagger/page','1','#339999','tile tile-wide','2','/static/images/hauth/api.png',1,'false'),('624b90c0-0278-11e7-9b60-a0c58951c8d5','1002','0101010000','/v1/auth/HandleLogsPage','0','#336699','tile tile-large','3','/static/images/hauth/logs_shen.png',1,'false'),('64644fc7-71d9-11e7-963e-a0c58951c8d5','1003','1200000000','www.asofdate.com','0','#666699','tile tile-wide','1','/static/images/hauth/api.png',2,'true'),('66e55e26-0248-11e7-9b60-a0c58951c8d5','1001','0202040000','/v1/ca/amart/group/page','0','#99CC33','tile tile-wide','2','/static/images/ca_icon/group_rules.png',4,'false'),('6bb7b2c8-07e9-11e7-952f-a0c58951c8d5','1001','0103010400','/v1/auth/resource/delete','0','','','','',0,'false'),('6c7f5772-250a-11e7-9c7e-a0c58951c8d5','1001','01030104001','/v1/auth/resource/org/page','','','','','',0,'false'),('7929aa2b-0247-11e7-9b60-a0c58951c8d5','1001','0201040000','/v1/ca/driver/page','0','#b4d39e','tile','1','/static/images/ca_icon/driver_info.png',4,'false'),('7d73058c-07ec-11e7-952f-a0c58951c8d5','1001','0105010100','/v1/auth/user/get','0','','','','',0,'false'),('8024ac09-07d8-11e7-952f-a0c58951c8d5','1001','0104010300','/v1/auth/domain/update','0','','','','',0,'false'),('824c0d97-04a3-11e7-9b60-a0c58951c8d5','1001','0400000000','./views/mas/common/green/dimension.tpl','0','#FFCC33','tile tile-wide','3','/static/images/hauth/system.png',1,'false'),('83792fdb-024b-11e7-9b60-a0c58951c8d5','1001','0302010000','/v1/ftp/adjust/inner/page','0','#0099CC','tile','2','/static/images/hauth/ftp_inner_adjust.png',2,'false'),('8a180b66-0248-11e7-9b60-a0c58951c8d5','1001','0203010000','/v1/ca/dispatch/page','0','#666699','tile tile-wide','3','/static/images/ca_icon/dispatch_manage.png',1,'false'),('8a8c3203-2b27-11e7-9c7e-a0c58951c8d5','1002','0200000000','./views/mas/ca/blue/ca.tpl','0','#666699','tile tile-wide','2','/static/images/hauth/grant.png',1,'false'),('8ca386d8-07e5-11e7-952f-a0c58951c8d5','1001','0101010200','/v1/auth/handle/logs/download','0','','','','',0,'false'),('8e2d2ae7-1c0a-11e7-9d82-a0c58951c8d5','1004','0101010100','/v1/auth/handle/logs','0','','tile tile-large','','',0,'false'),('946658e9-07d5-11e7-952f-a0c58951c8d5','1001','0104010200','/v1/auth/domain/share/page','0','','','','',0,'false'),('948f67dc-024a-11e7-9b60-a0c58951c8d5','1001','1100000000','./views/help/default/syshelp.tpl','0','#0099CC','tile tile-wide','3','/static/images/hauth/help.png',1,'false'),('9705437b-07d8-11e7-952f-a0c58951c8d5','1001','0104010400','/v1/auth/domain/delete','0','','','','',0,'false'),('974ce1fd-07ec-11e7-952f-a0c58951c8d5','1001','0105010200','/v1/auth/user/post','0','','','','',0,'false'),('991641c3-0d55-11e7-964b-a0c58951c8d5','1004','0101010000','/v1/auth/HandleLogsPage','0','#336699','tile tile-large','3','/static/images/hauth/logs_shen.png',1,'false'),('99164f5c-0d55-11e7-964b-a0c58951c8d5','1004','0103010000','/v1/auth/resource/page','0','#666699','tile','1','/static/images/hauth/menus.png',5,'false'),('9916502d-0d55-11e7-964b-a0c58951c8d5','1004','0104010000','/v1/auth/domain/page','0','#0099CC','tile','2','/static/images/hauth/domain.png',1,'false'),('991650a9-0d55-11e7-964b-a0c58951c8d5','1004','0105010000','/v1/auth/user/page','0','#CC6600','tile tile-wide','2','/static/images/hauth/user_manager.png',3,'false'),('9916512d-0d55-11e7-964b-a0c58951c8d5','1004','0105020000','/v1/auth/role/page','0','#FFCC33','tile','2','/static/images/hauth/role_manager.png',4,'false'),('9916519c-0d55-11e7-964b-a0c58951c8d5','1004','0100000000','./views/hauth/theme/cyan/sysconfig.tpl','0','#FF6600','tile tile-wide','1','/static/images/hauth/system.png',1,'false'),('99165203-0d55-11e7-964b-a0c58951c8d5','1004','0105040000','/v1/auth/batch/page','0','#339999','tile','2','/static/images/hauth/grant.png',4,'false'),('9916525c-0d55-11e7-964b-a0c58951c8d5','1004','0103020000','/v1/auth/resource/org/page','0','#FF6666','tile','2','/static/images/hauth/org.png',2,'false'),('991652b2-0d55-11e7-964b-a0c58951c8d5','1004','0200000000','./views/mas/ca/green/ca.tpl','0','#666699','tile tile-wide','2','/static/images/hauth/grant.png',1,'false'),('9916534b-0d55-11e7-964b-a0c58951c8d5','1004','0201010000','/v1/ca/responsibility/page','0','#6fc07c','tile tile-wide','1','/static/images/ca_icon/org_info.png',1,'false'),('9916545c-0d55-11e7-964b-a0c58951c8d5','1004','0201030000','/v1/ca/cost/direction/page','0','#FF9999','tile','1','/static/images/ca_icon/cost_direction.png',3,'false'),('991654be-0d55-11e7-964b-a0c58951c8d5','1004','0201040000','/v1/ca/driver/page','0','#b4d39e','tile','1','/static/images/ca_icon/driver_info.png',4,'false'),('991657d4-0d55-11e7-964b-a0c58951c8d5','1004','0201060000','/v1/ca/cost/page','0','#e4d690','tile tile-wide','1','/static/images/ca_icon/cost_pool.png',6,'false'),('9916933a-0d55-11e7-964b-a0c58951c8d5','1004','0202010000','/v1/ca/static/radio/page','0','#92cdd2','tile tile-wide','2','/static/images/ca_icon/static_rules.png',1,'false'),('9917f369-0d55-11e7-964b-a0c58951c8d5','1004','0202020000','/v1/ca/amart/rules/page','0','#58c0b3','tile tile-wide','2','/static/images/ca_icon/amart_rules.png',2,'false'),('9917f42d-0d55-11e7-964b-a0c58951c8d5','1004','0202040000','/v1/ca/amart/group/page','0','#ded1b0','tile tile-wide','2','/static/images/ca_icon/group_rules.png',4,'false'),('9917f48b-0d55-11e7-964b-a0c58951c8d5','1004','0203010000','/v1/ca/dispatch/page','0','#666699','tile tile-wide','3','/static/images/ca_icon/dispatch_manage.png',1,'false'),('9917f4cb-0d55-11e7-964b-a0c58951c8d5','1004','0203020000','/v1/ca/dispatch/history/page','0','#339999','tile tile-wide','3','/static/images/ca_icon/dispatch_history.png',2,'false'),('9917f598-0d55-11e7-964b-a0c58951c8d5','1004','0203040000','/v1/ca/cost/manage/page','0','#FFCC33','tile','3','/static/images/ca_icon/cost_query.png',3,'false'),('9917f676-0d55-11e7-964b-a0c58951c8d5','1004','0300000000','./views/mas/ftp/theme/default/ftp.tpl','0','#009999','tile','2','/static/images/hauth/ftp.png',2,'false'),('9917f6e5-0d55-11e7-964b-a0c58951c8d5','1004','1100000000','./views/help/default/syshelp.tpl','0','#0099CC','tile tile-wide','3','/static/images/hauth/help.png',1,'false'),('9917f743-0d55-11e7-964b-a0c58951c8d5','1004','0301020000','/v1/ftp/curve/manage/page','0','#336699','tile','1','/static/images/hauth/curve_manage.png',2,'false'),('9917f7ba-0d55-11e7-964b-a0c58951c8d5','1004','0301050000','/v1/ftp/rules/manage/page','0','#99CC33','tile tile-wide','1','/static/images/hauth/ftp_rules.png',3,'false'),('9917f818-0d55-11e7-964b-a0c58951c8d5','1004','0302010000','/v1/ftp/adjust/inner/page','0','#0099CC','tile','2','/static/images/hauth/ftp_inner_adjust.png',2,'false'),('9917f869-0d55-11e7-964b-a0c58951c8d5','1004','0302020000','/v1/ftp/adjust/outer/page','0','#CC6600','tile','2','/static/images/hauth/ftp_outer_adjust.png',3,'false'),('9917f8b6-0d55-11e7-964b-a0c58951c8d5','1004','0303010000','/v1/ftp/single/calc/page','0','#FF6666','tile tile-wide','3','/static/images/hauth/ftp_single_calc.png',1,'false'),('99180aad-0d55-11e7-964b-a0c58951c8d5','1004','0303020000','/v1/ftp/dispatch/manage/page','0','#009933','tile','3','/static/images/hauth/ftp_dispatch.png',2,'false'),('99180b3a-0d55-11e7-964b-a0c58951c8d5','1004','0303030000','/v1/ftp/dispatch/history/page','0','#009999','tile','3','/static/images/hauth/ftp_dispatch_history.png',3,'false'),('99180b7a-0d55-11e7-964b-a0c58951c8d5','1004','0302030000','/v1/ftp/filter/define/page','0','#FFCC33','tile tile-wide','2','/static/images/hauth/ftp_filter.png',1,'false'),('99180bfa-0d55-11e7-964b-a0c58951c8d5','1004','0400000000','./views/mas/common/cyan/dimension.tpl','0','#FFCC33','tile tile-wide','3','/static/images/hauth/system.png',1,'false'),('99180c36-0d55-11e7-964b-a0c58951c8d5','1004','0401000000','/v1/common/depart/page','0','#6fc07c','tile tile-wide','1','/static/images/common_icon/department.png',1,'false'),('99180c72-0d55-11e7-964b-a0c58951c8d5','1004','0402000000','/v1/common/product/page','0','#92cdd2','tile tile-wide','1','/static/images/common_icon/product.png',2,'false'),('99180ca9-0d55-11e7-964b-a0c58951c8d5','1004','0403000000','/v1/common/glaccount/page','0','#ed9f86','tile tile-large','2','/static/images/common_icon/gl_account.png',1,'false'),('99180ced-0d55-11e7-964b-a0c58951c8d5','1004','0404000000','/v1/common/isocurrency/page','0','#67accd','tile tile-large','3','/static/images/common_icon/iso_currency.png',1,'false'),('99180d2d-0d55-11e7-964b-a0c58951c8d5','1004','0301010000','/v1/ftp/curve/define/page','0','#666699','tile','1','/static/images/hauth/curve_define.png',1,'false'),('99180d65-0d55-11e7-964b-a0c58951c8d5','1004','0104010100','/v1/auth/domain/get','0','','','','',0,'false'),('99180da1-0d55-11e7-964b-a0c58951c8d5','1004','0104010200','/v1/auth/domain/share/page','0','','','','',0,'false'),('99180ddc-0d55-11e7-964b-a0c58951c8d5','1004','0104010300','/v1/auth/domain/update','0','','','','',0,'false'),('99180e14-0d55-11e7-964b-a0c58951c8d5','1004','0104010400','/v1/auth/domain/delete','0','','','','',0,'false'),('99180e4f-0d55-11e7-964b-a0c58951c8d5','1004','0104010500','/v1/auth/domain/post','0','','','','',0,'false'),('99180e87-0d55-11e7-964b-a0c58951c8d5','1004','0103030100','/v1/auth/domain/share/get','0','','','','',0,'false'),('99180ec3-0d55-11e7-964b-a0c58951c8d5','1004','0103030200','/v1/auth/domain/share/post','0','','','','',0,'false'),('99180efa-0d55-11e7-964b-a0c58951c8d5','1004','0103030300','/v1/auth/domain/share/delete','0','','','','',0,'false'),('99180f32-0d55-11e7-964b-a0c58951c8d5','1004','0103030400','/v1/auth/domain/share/put','0','','','','',0,'false'),('99180fa1-0d55-11e7-964b-a0c58951c8d5','1004','0101010200','/v1/auth/handle/logs/download','0','','','','',0,'false'),('99180fdc-0d55-11e7-964b-a0c58951c8d5','1004','0101010300','/v1/auth/handle/logs/search','0','','','','',0,'false'),('99181014-0d55-11e7-964b-a0c58951c8d5','1004','0103020100','/v1/auth/resource/org/get','0','','','','',0,'false'),('9918104b-0d55-11e7-964b-a0c58951c8d5','1004','0103020200','/v1/auth/resource/org/insert','0','','','','',0,'false'),('99181087-0d55-11e7-964b-a0c58951c8d5','1004','0103020300','/v1/auth/resource/org/update','0','','','','',0,'false'),('991810be-0d55-11e7-964b-a0c58951c8d5','1004','0103020400','/v1/auth/resource/org/delete','0','','','','',0,'false'),('991810fe-0d55-11e7-964b-a0c58951c8d5','1004','0103020500','/v1/auth/resource/org/download','0','','','','',0,'false'),('9918113a-0d55-11e7-964b-a0c58951c8d5','1004','0103010100','/v1/auth/resource/get','0','','','','',0,'false'),('99181176-0d55-11e7-964b-a0c58951c8d5','1004','0103010200','/v1/auth/resource/post','0','','','','',0,'false'),('991811ad-0d55-11e7-964b-a0c58951c8d5','1004','0103010300','/v1/auth/resource/update','0','','','','',0,'false'),('991811e1-0d55-11e7-964b-a0c58951c8d5','1004','0103010400','/v1/auth/resource/delete','0','','','','',0,'false'),('99181218-0d55-11e7-964b-a0c58951c8d5','1004','0103010500','/v1/auth/resource/config/theme','0','','','','',0,'false'),('9918124f-0d55-11e7-964b-a0c58951c8d5','1004','0105010100','/v1/auth/user/get','0','','','','',0,'false'),('9918128b-0d55-11e7-964b-a0c58951c8d5','1004','0105010200','/v1/auth/user/post','0','','','','',0,'false'),('991812c3-0d55-11e7-964b-a0c58951c8d5','1004','0105010300','/v1/auth/user/put','0','','','','',0,'false'),('991812fa-0d55-11e7-964b-a0c58951c8d5','1004','0105010400','/v1/auth/user/delete','0','','','','',0,'false'),('99181332-0d55-11e7-964b-a0c58951c8d5','1004','0105010500','/v1/auth/user/modify/passwd','0','','','','',0,'false'),('99181365-0d55-11e7-964b-a0c58951c8d5','1004','0105010600','/v1/auth/user/modify/status','0','','','','',0,'false'),('9918139c-0d55-11e7-964b-a0c58951c8d5','1004','0105020100','/v1/auth/role/get','0','','','','',0,'false'),('991813d4-0d55-11e7-964b-a0c58951c8d5','1004','0105020200','/v1/auth/role/post','0','','','','',0,'false'),('9918140b-0d55-11e7-964b-a0c58951c8d5','1004','0105020300','/v1/auth/role/update','0','','','','',0,'false'),('99181443-0d55-11e7-964b-a0c58951c8d5','1004','0105020400','/v1/auth/role/delete','0','','','','',0,'false'),('99181476-0d55-11e7-964b-a0c58951c8d5','1004','0105020500','/v1/auth/role/resource/details','0','','','','',0,'false'),('991814ad-0d55-11e7-964b-a0c58951c8d5','1004','0105020510','/v1/auth/role/resource/get','0','','','','',0,'false'),('991814f2-0d55-11e7-964b-a0c58951c8d5','1004','0105020520','/v1/auth/role/resource/rights','0','','','','',0,'false'),('9918152d-0d55-11e7-964b-a0c58951c8d5','1004','0105040100','/v1/auth/user/roles/auth','0','','','','',0,'false'),('99181569-0d55-11e7-964b-a0c58951c8d5','1004','0105040200','/v1/auth/user/roles/revoke','0','','','','',0,'false'),('991815a1-0d55-11e7-964b-a0c58951c8d5','1004','0203050000','/v1/ca/driver/manage/page','0','#CC6600','tile','3','/static/images/ca_icon/driver_query.png',4,'false'),('991815e1-0d55-11e7-964b-a0c58951c8d5','1004','1101010000','/v1/help/system/help','0','#339999','tile tile-wide','1','/static/images/hauth/sys_help.png',1,'false'),('9b081aec-2b27-11e7-9c7e-a0c58951c8d5','1002','0100000000','./views/hauth/theme/blue/sysconfig.tpl','0','#FF6600','tile tile-wide','1','/static/images/hauth/system.png',1,'false'),('9e79b725-024b-11e7-9b60-a0c58951c8d5','1001','0302020000','/v1/ftp/adjust/outer/page','0','#CC6600','tile','2','/static/images/hauth/ftp_outer_adjust.png',3,'false'),('a0e208f2-20f8-11e7-966c-a0c58951c8d5','1001','1101020000','/v1/auth/swagger/page','1','#339999','tile tile-wide','2','/static/images/hauth/api.png',1,'false'),('a265597d-07ed-11e7-952f-a0c58951c8d5','1001','0105020100','/v1/auth/role/get','0','','','','',0,'false'),('a29fba3f-07e5-11e7-952f-a0c58951c8d5','1001','0101010300','/v1/auth/handle/logs/search','0','','','','',0,'false'),('a343cbfc-2b27-11e7-9c7e-a0c58951c8d5','1002','0101010100','/v1/auth/handle/logs','0','','tile','','',0,'false'),('a65d91b0-2b27-11e7-9c7e-a0c58951c8d5','1002','0101010200','/v1/auth/handle/logs/download','0','','tile','','',0,'false'),('a831ec58-0248-11e7-9b60-a0c58951c8d5','1001','0203020000','/v1/ca/dispatch/history/page','0','#339999','tile tile-wide','3','/static/images/ca_icon/dispatch_history.png',2,'false'),('a8854ec0-2b27-11e7-9c7e-a0c58951c8d5','1002','0101010300','/v1/auth/handle/logs/search','0','','tile','','',0,'false'),('aabbbd36-2b27-11e7-9c7e-a0c58951c8d5','1002','01030104001','/v1/auth/resource/org/page','0','','tile','','',0,'false'),('ad3e295c-07d8-11e7-952f-a0c58951c8d5','1001','0104010500','/v1/auth/domain/post','0','','','','',0,'false'),('af0e054c-2b27-11e7-9c7e-a0c58951c8d5','1002','0103010000','/v1/auth/resource/page','0','#666699','tile','1','/static/images/hauth/menus.png',5,'false'),('b1314131-2b27-11e7-9c7e-a0c58951c8d5','1002','0103010100','/v1/auth/resource/get','0','','tile','','',0,'false'),('b2561d1e-04a3-11e7-9b60-a0c58951c8d5','1001','0401000000','/v1/common/depart/page','0','#6fc07c','tile tile-wide','1','/static/images/common_icon/department.png',1,'false'),('b3c7c6a6-2b27-11e7-9c7e-a0c58951c8d5','1002','0103010200','/v1/auth/resource/post','0','','tile','','',0,'false'),('b3f18e0b-20f8-11e7-966c-a0c58951c8d5','1004','1101020000','/v1/auth/swagger/page','1','#339999','tile tile-wide','2','/static/images/hauth/api.png',1,'false'),('b58002f6-07ec-11e7-952f-a0c58951c8d5','1001','0105010300','/v1/auth/user/put','0','','','','',0,'false'),('b6372ff3-2b27-11e7-9c7e-a0c58951c8d5','1002','0103010300','/v1/auth/resource/update','0','','tile','','',0,'false'),('b687a0e9-024a-11e7-9b60-a0c58951c8d5','1001','0301020000','/v1/ftp/curve/manage/page','0','#336699','tile','1','/static/images/hauth/curve_manage.png',2,'false'),('b8d3d1c1-2b27-11e7-9c7e-a0c58951c8d5','1002','0103010400','/v1/auth/resource/delete','0','','tile','','',0,'false'),('b8df0cd7-07e9-11e7-952f-a0c58951c8d5','1001','0103010500','/v1/auth/resource/config/theme','0','','','','',0,'false'),('ba15af88-2b44-11e7-9c7e-a0c58951c8d5','1003','0400000000','./views/mas/common/apple/dimension.tpl','0','#FFCC33','tile tile-wide','3','/static/images/hauth/system.png',1,'false'),('ba1a252f-0249-11e7-9b60-a0c58951c8d5','1001','0300000000','./views/mas/ftp/theme/default/ftp.tpl','0','#009999','tile','2','/static/images/hauth/ftp.png',2,'false'),('bb9fc76f-2b27-11e7-9c7e-a0c58951c8d5','1002','0103010500','/v1/auth/resource/config/theme','0','','tile','','',0,'false'),('bd264fd7-07ed-11e7-952f-a0c58951c8d5','1001','0105020200','/v1/auth/role/post','0','','','','',0,'false'),('bea9df22-2b27-11e7-9c7e-a0c58951c8d5','1002','0103020100','/v1/auth/resource/org/get','0','','tile','','',0,'false'),('becde5db-0eb9-11e7-9612-a0c58951c8d5','1001','0101010100','/v1/auth/handle/logs','0','','','','',0,'false'),('c1174621-07e1-11e7-952f-a0c58951c8d5','1001','0103030100','/v1/auth/domain/share/get','0','','','','',0,'false'),('c15e0f8b-2b27-11e7-9c7e-a0c58951c8d5','1002','0103020200','/v1/auth/resource/org/insert','0','','tile','','',0,'false'),('c37806f8-2b27-11e7-9c7e-a0c58951c8d5','1002','0103020300','/v1/auth/resource/org/update','0','','tile','','',0,'false'),('c3bad47b-07ee-11e7-952f-a0c58951c8d5','1001','0105020500','/v1/auth/role/resource/details','0','','','','',0,'false'),('c59c3303-2b27-11e7-9c7e-a0c58951c8d5','1002','0103020400','/v1/auth/resource/org/delete','0','','tile','','',0,'false'),('c77c6ed0-2b27-11e7-9c7e-a0c58951c8d5','1002','0103020500','/v1/auth/resource/org/download','0','','tile','','',0,'false'),('c864e93c-024b-11e7-9b60-a0c58951c8d5','1001','0303010000','/v1/ftp/single/calc/page','0','#FF6666','tile tile-wide','3','/static/images/hauth/ftp_single_calc.png',1,'false'),('c93c4e93-0247-11e7-9b60-a0c58951c8d5','1001','0201060000','/v1/ca/cost/page','0','#e4d690','tile tile-wide','1','/static/images/ca_icon/cost_pool.png',6,'false'),('c988bb89-07ec-11e7-952f-a0c58951c8d5','1001','0105010400','/v1/auth/user/delete','0','','','','',0,'false'),('cb4afcc4-04a3-11e7-9b60-a0c58951c8d5','1001','0402000000','/v1/common/product/page','0','#92cdd2','tile tile-wide','1','/static/images/common_icon/product.png',2,'false'),('cc8891d2-2b27-11e7-9c7e-a0c58951c8d5','1002','0103020000','/v1/auth/resource/org/page','0','#FF6666','tile','2','/static/images/hauth/org.png',2,'false'),('d1f01d28-2b27-11e7-9c7e-a0c58951c8d5','1002','0104010000','/v1/auth/domain/page','0','#0099CC','tile','2','/static/images/hauth/domain.png',1,'false'),('d4605f79-2b43-11e7-9c7e-a0c58951c8d5','1003','0100000000','./views/hauth/theme/apple/sysconfig.tpl','0','#FF6600','tile tile-wide','1','/static/images/hauth/system.png',1,'false'),('d4bfa83c-2b27-11e7-9c7e-a0c58951c8d5','1002','0104010100','/v1/auth/domain/get','0','','tile','','',0,'false'),('d517aab8-07ed-11e7-952f-a0c58951c8d5','1001','0105020300','/v1/auth/role/update','0','','','','',0,'false'),('d767f63e-2b27-11e7-9c7e-a0c58951c8d5','1002','0104010200','/v1/auth/domain/share/page','0','','tile','','',0,'false'),('d7867a7a-2b43-11e7-9c7e-a0c58951c8d5','1003','0101010000','/v1/auth/HandleLogsPage','0','#336699','tile tile-large','3','/static/images/hauth/logs_shen.png',1,'false'),('d8fccbcb-07e1-11e7-952f-a0c58951c8d5','1001','0103030200','/v1/auth/domain/share/post','0','','','','',0,'false'),('da84a5e1-2b27-11e7-9c7e-a0c58951c8d5','1002','0103030100','/v1/auth/domain/share/get','0','','tile','','',0,'false'),('daadf91b-07e6-11e7-952f-a0c58951c8d5','1001','0103020100','/v1/auth/resource/org/get','0','','','','',0,'false'),('dc65642a-2b27-11e7-9c7e-a0c58951c8d5','1002','0103030200','/v1/auth/domain/share/post','0','','tile','','',0,'false'),('dd815000-0248-11e7-9b60-a0c58951c8d5','1001','0203040000','/v1/ca/cost/manage/page','0','#FFCC33','tile','3','/static/images/ca_icon/cost_query.png',3,'false'),('dd972a84-2b43-11e7-9c7e-a0c58951c8d5','1003','0103010000','/v1/auth/resource/page','0','#666699','tile','1','/static/images/hauth/menus.png',5,'false'),('de8f9fcb-2b27-11e7-9c7e-a0c58951c8d5','1002','0103030300','/v1/auth/domain/share/delete','0','','tile','','',0,'false'),('e007d284-2b43-11e7-9c7e-a0c58951c8d5','1003','0103020000','/v1/auth/resource/org/page','0','#FF6666','tile','2','/static/images/hauth/org.png',2,'false'),('e0a10dc4-2b27-11e7-9c7e-a0c58951c8d5','1002','0103030400','/v1/auth/domain/share/put','0','','tile','','',0,'false'),('e224205c-2b43-11e7-9c7e-a0c58951c8d5','1003','0104010000','/v1/auth/domain/page','0','#0099CC','tile','2','/static/images/hauth/domain.png',1,'false'),('e2e782c4-2b27-11e7-9c7e-a0c58951c8d5','1002','0104010300','/v1/auth/domain/update','0','','tile','','',0,'false'),('e464ee50-2b2a-11e7-9c7e-a0c58951c8d5','1002','0201010000','/v1/ca/responsibility/page','0','#FF6666','tile tile-wide','1','/static/images/ca_icon/org_info.png',1,'false'),('e4ac3710-2b43-11e7-9c7e-a0c58951c8d5','1003','0105010000','/v1/auth/user/page','0','#CC6600','tile tile-wide','2','/static/images/hauth/user_manager.png',3,'false'),('e4e17463-2b27-11e7-9c7e-a0c58951c8d5','1002','0104010400','/v1/auth/domain/delete','0','','tile','','',0,'false'),('e6191fef-04a3-11e7-9b60-a0c58951c8d5','1001','0403000000','/v1/common/glaccount/page','0','#ed9f86','tile tile-large','2','/static/images/common_icon/gl_account.png',1,'false'),('e6c1fb99-2b2a-11e7-9c7e-a0c58951c8d5','1002','0201030000','/v1/ca/cost/direction/page','0','#FF9999','tile','1','/static/images/ca_icon/cost_direction.png',3,'false'),('e716b0a1-2b43-11e7-9c7e-a0c58951c8d5','1003','0105020000','/v1/auth/role/page','0','#FFCC33','tile','2','/static/images/hauth/role_manager.png',4,'false'),('e777d2c2-2b27-11e7-9c7e-a0c58951c8d5','1002','0104010500','/v1/auth/domain/post','0','','tile','','',0,'false'),('e7e063d6-7207-11e7-963e-a0c58951c8d5','1001','0103040000','/v1/sso/subsystem/page','0','#339999','tile tile-wide','1','/static/images/ca_icon/dispatch_manage.png',2,NULL),('e8d836db-2b2a-11e7-9c7e-a0c58951c8d5','1002','0201040000','/v1/ca/driver/page','0','#CCCC33','tile','1','/static/images/ca_icon/driver_info.png',4,'false'),('ea237b6a-07ed-11e7-952f-a0c58951c8d5','1001','0105020400','/v1/auth/role/delete','0','','','','',0,'false'),('ea4b0eda-2b43-11e7-9c7e-a0c58951c8d5','1003','0105040000','/v1/auth/batch/page','0','#339999','tile','2','/static/images/hauth/grant.png',4,'false'),('eac811b6-2b2a-11e7-9c7e-a0c58951c8d5','1002','0201060000','/v1/ca/cost/page','0','#CC6633','tile tile-wide','1','/static/images/ca_icon/cost_pool.png',6,'false'),('eb13f0e9-2b27-11e7-9c7e-a0c58951c8d5','1002','0105010100','/v1/auth/user/get','0','','tile','','',0,'false'),('eb87e6f6-2b44-11e7-9c7e-a0c58951c8d5','1002','0300000000','./views/mas/ftp/theme/default/ftp.tpl','0','#009999','tile','2','/static/images/hauth/ftp.png',2,'false'),('ec5cb33a-07ec-11e7-952f-a0c58951c8d5','1001','0105010500','/v1/auth/user/modify/passwd','0','','','','',0,'false'),('ecfe0b20-024b-11e7-9b60-a0c58951c8d5','1001','0303020000','/v1/ftp/dispatch/manage/page','0','#009933','tile','3','/static/images/hauth/ftp_dispatch.png',2,'false'),('ed148f2a-2b27-11e7-9c7e-a0c58951c8d5','1002','0105010200','/v1/auth/user/post','0','','tile','','',0,'false'),('edc39c65-2b2a-11e7-9c7e-a0c58951c8d5','1002','0202010000','/v1/ca/static/radio/page','0','#009966','tile tile-wide','2','/static/images/ca_icon/static_rules.png',1,'false'),('ee765e9a-07e6-11e7-952f-a0c58951c8d5','1001','0103020200','/v1/auth/resource/org/insert','0','','','','',0,'false'),('ef613f0c-2b27-11e7-9c7e-a0c58951c8d5','1002','0105010300','/v1/auth/user/put','0','','tile','','',0,'false'),('efab4483-2b2a-11e7-9c7e-a0c58951c8d5','1002','0202020000','/v1/ca/amart/rules/page','0','#3399CC','tile tile-wide','2','/static/images/ca_icon/amart_rules.png',2,'false'),('f02a3b32-0247-11e7-9b60-a0c58951c8d5','1001','0202010000','/v1/ca/static/radio/page','0','#009966','tile tile-wide','2','/static/images/ca_icon/static_rules.png',1,'false'),('f0ccdcc7-4666-11e7-9beb-a0c5895118d5','1001','0500000000','./views/dispatch/index.tpl','0','#009966','tile','2','/static/images/dispatch_icon/etl.png',1,'false'),('f15862dd-7207-11e7-963e-a0c58951c8d5','1002','0103040000','/v1/sso/subsystem/page','0','#339999','tile tile-wide','1','/static/images/ca_icon/dispatch_manage.png',2,NULL),('f19af335-2b27-11e7-9c7e-a0c58951c8d5','1002','0105010400','/v1/auth/user/delete','0','','tile','','',0,'false'),('f1b7d81a-2b2a-11e7-9c7e-a0c58951c8d5','1002','0202040000','/v1/ca/amart/group/page','0','#99CC33','tile tile-wide','2','/static/images/ca_icon/group_rules.png',4,'false'),('f2e81083-07d2-11e7-95d9-a0c58951c8d5','1001','0104010100','/v1/auth/domain/get','0','','','','',0,'false'),('f2f35399-7207-11e7-963e-a0c58951c8d5','1003','0103040000','/v1/sso/subsystem/page','0','#339999','tile tile-wide','1','/static/images/ca_icon/dispatch_manage.png',2,NULL),('f3959708-2b27-11e7-9c7e-a0c58951c8d5','1002','0105010500','/v1/auth/user/modify/passwd','0','','tile','','',0,'false'),('f39a8178-71da-11e7-963e-a0c58951c8d5','1001','1200000000','www.asofdate.com','0','#666699','tile tile-wide','1','/static/images/hauth/api.png',2,'true'),('f3a437e0-2b2a-11e7-9c7e-a0c58951c8d5','1002','0203010000','/v1/ca/dispatch/page','0','#666699','tile tile-wide','3','/static/images/ca_icon/dispatch_manage.png',1,'false'),('f4e79c0b-7207-11e7-963e-a0c58951c8d5','1004','0103040000','/v1/sso/subsystem/page','0','#339999','tile tile-wide','1','/static/images/ca_icon/dispatch_manage.png',2,NULL),('f4f2f6ed-2b44-11e7-9c7e-a0c58951c8d5','1003','0300000000','./views/mas/ftp/theme/default/ftp.tpl','0','#009999','tile','2','/static/images/hauth/ftp.png',2,'false'),('f58252ab-2b47-11e7-9c7e-a0c58951c8d5','1003','0202010000','/v1/ca/static/radio/page','0','#009966','tile tile-wide','2','/static/images/ca_icon/static_rules.png',1,'false'),('f5a0999f-2b27-11e7-9c7e-a0c58951c8d5','1002','0105010600','/v1/auth/user/modify/status','0','','tile','','',0,'false'),('f5fe13cd-71da-11e7-963e-a0c58951c8d5','1002','1200000000','www.asofdate.com','0','#666699','tile tile-wide','1','/static/images/hauth/api.png',2,'true'),('f6004f8a-2b2a-11e7-9c7e-a0c58951c8d5','1002','0203020000','/v1/ca/dispatch/history/page','0','#339999','tile tile-wide','3','/static/images/ca_icon/dispatch_history.png',2,'false'),('f6a6448b-04a3-11e7-9b60-a0c58951c8d5','1001','0404000000','/v1/common/isocurrency/page','0','#67accd','tile tile-large','3','/static/images/common_icon/iso_currency.png',1,'false'),('f7c96a3c-71da-11e7-963e-a0c58951c8d5','1004','1200000000','www.asofdate.com','0','#666699','tile tile-wide','1','/static/images/hauth/api.png',2,'true'),('f7d09d3b-2b47-11e7-9c7e-a0c58951c8d5','1003','0202020000','/v1/ca/amart/rules/page','0','#3399CC','tile tile-wide','2','/static/images/ca_icon/amart_rules.png',2,'false'),('f87a9123-0991-11e7-952f-a0c58951c8d5','1001','1101010000','/v1/help/system/help','0','#339999','tile tile-wide','1','/static/images/hauth/sys_help.png',1,'false'),('f94b4a93-2b27-11e7-9c7e-a0c58951c8d5','1002','0105020100','/v1/auth/role/get','0','','tile','','',0,'false'),('fa02435a-2b2a-11e7-9c7e-a0c58951c8d5','1002','0203040000','/v1/ca/cost/manage/page','0','#FFCC33','tile','3','/static/images/ca_icon/cost_query.png',3,'false'),('fa0a85e5-2b47-11e7-9c7e-a0c58951c8d5','1003','0202040000','/v1/ca/amart/group/page','0','#ded1b0','tile tile-wide','2','/static/images/ca_icon/group_rules.png',4,'false'),('fa2728fc-4666-11e7-9beb-a0c5895128d5','1002','0500000000','./views/dispatch/index.tpl','0','#009966','tile','2','/static/images/dispatch_icon/etl.png',1,'false'),('fa50fe43-70f1-11e7-963e-a0c58951c8d5','1003','0101010100','/v1/auth/handle/logs','0','','tile','','',0,NULL),('fb944b0a-0246-11e7-9b60-a0c58951c8d5','1001','0201010000','/v1/ca/responsibility/page','0','#6fc07c','tile tile-wide','1','/static/images/ca_icon/org_info.png',1,'false'),('fb975107-07e1-11e7-952f-a0c58951c8d5','1001','0103030300','/v1/auth/domain/share/delete','0','','','','',0,'false'),('fbcd8b0b-2b27-11e7-9c7e-a0c58951c8d5','1002','0105020000','/v1/auth/role/page','0','#FFCC33','tile','2','/static/images/hauth/role_manager.png',4,'false'),('fc276e32-4666-11e7-9beb-a0c5895138d5','1003','0500000000','./views/dispatch/index.tpl','0','#009966','tile','2','/static/images/dispatch_icon/etl.png',1,'false'),('fc7a0545-2b2a-11e7-9c7e-a0c58951c8d5','1002','0203050000','/v1/ca/driver/manage/page','0','#CC6600','tile','3','/static/images/ca_icon/driver_query.png',4,'false'),('fdb44348-2b27-11e7-9c7e-a0c58951c8d5','1002','0105020200','/v1/auth/role/post','0','','tile','','',0,'false'),('fe6968d2-4666-11e7-9beb-a0c5895148d5','1004','0500000000','./views/dispatch/index.tpl','0','#009966','tile','2','/static/images/dispatch_icon/etl.png',1,'false'),('ff313d37-720e-11e7-963e-a0c58951c8d5','1001','0103050000','/v1/sso/subsystem/api/page','0','#ed9f86','tile','1','/static/images/ca_icon/index.png',4,NULL),('ff9f6773-2b27-11e7-9c7e-a0c58951c8d5','1002','0105020300','/v1/auth/role/update','0','','tile','','',0,'false'),('ffed3495-2b44-11e7-9c7e-a0c58951c8d5','1002','0301010000','/v1/ftp/curve/define/page','0','#666699','tile','1','/static/images/hauth/curve_define.png',1,'false');
/*!40000 ALTER TABLE `sys_theme_resource` ENABLE KEYS */;
UNLOCK TABLES;

--
-- Table structure for table `sys_user_info`
--

DROP TABLE IF EXISTS `sys_user_info`;
/*!40101 SET @saved_cs_client     = @@character_set_client */;
/*!40101 SET character_set_client = utf8 */;
CREATE TABLE `sys_user_info` (
  `user_id` varchar(30) NOT NULL,
  `user_name` varchar(300) DEFAULT NULL,
  `user_email` varchar(30) DEFAULT NULL,
  `user_phone` decimal(15,0) DEFAULT NULL,
  `org_unit_id` varchar(66) DEFAULT NULL,
  `create_user` varchar(30) DEFAULT NULL,
  `create_time` datetime DEFAULT NULL,
  `modify_user` varchar(30) DEFAULT NULL,
  `modify_time` datetime DEFAULT NULL,
  PRIMARY KEY (`user_id`),
  KEY `fk_sys_user_org_idx` (`org_unit_id`),
  CONSTRAINT `fk_sys_user_org` FOREIGN KEY (`org_unit_id`) REFERENCES `sys_org_info` (`org_unit_id`)
) ENGINE=InnoDB DEFAULT CHARSET=utf8;
/*!40101 SET character_set_client = @saved_cs_client */;

--
-- Dumping data for table `sys_user_info`
--

LOCK TABLES `sys_user_info` WRITE;
/*!40000 ALTER TABLE `sys_user_info` DISABLE KEYS */;
INSERT INTO `sys_user_info` VALUES ('admin','超级管理员','hzwy23@163.com',18986110550,'vertex_root_join_vertex_root','sys','2016-01-01 00:00:00','admin','2017-06-28 10:54:54'),('caadmin','CA业务管理员','hzwy23@163.com',18986110550,'mas_join_34124','admin','2017-03-18 14:32:22','admin','2017-03-18 14:32:22'),('demo','演示账号','hzwy23@sina.com',18986110551,'mas_join_4542346','admin','2017-03-01 21:21:38','admin','2017-04-24 20:53:42'),('ftpadmin','FTP管理员','hzwy23@163.com',18986110550,'mas_join_34124','admin','2017-07-20 16:42:42','admin','2017-07-20 16:42:42');
/*!40000 ALTER TABLE `sys_user_info` ENABLE KEYS */;
UNLOCK TABLES;

--
-- Table structure for table `sys_user_status_attr`
--

DROP TABLE IF EXISTS `sys_user_status_attr`;
/*!40101 SET @saved_cs_client     = @@character_set_client */;
/*!40101 SET character_set_client = utf8 */;
CREATE TABLE `sys_user_status_attr` (
  `status_id` char(1) NOT NULL,
  `status_desc` varchar(60) DEFAULT NULL,
  PRIMARY KEY (`status_id`)
) ENGINE=InnoDB DEFAULT CHARSET=utf8;
/*!40101 SET character_set_client = @saved_cs_client */;

--
-- Dumping data for table `sys_user_status_attr`
--

LOCK TABLES `sys_user_status_attr` WRITE;
/*!40000 ALTER TABLE `sys_user_status_attr` DISABLE KEYS */;
INSERT INTO `sys_user_status_attr` VALUES ('0','正常'),('1','锁定'),('2','失效');
/*!40000 ALTER TABLE `sys_user_status_attr` ENABLE KEYS */;
UNLOCK TABLES;

--
-- Table structure for table `sys_user_theme`
--

DROP TABLE IF EXISTS `sys_user_theme`;
/*!40101 SET @saved_cs_client     = @@character_set_client */;
/*!40101 SET character_set_client = utf8 */;
CREATE TABLE `sys_user_theme` (
  `user_id` varchar(30) NOT NULL,
  `theme_id` varchar(30) DEFAULT NULL,
  PRIMARY KEY (`user_id`),
  CONSTRAINT `pk_sys_user_theme_01` FOREIGN KEY (`user_id`) REFERENCES `sys_user_info` (`user_id`) ON DELETE CASCADE ON UPDATE CASCADE
) ENGINE=InnoDB DEFAULT CHARSET=utf8;
/*!40101 SET character_set_client = @saved_cs_client */;

--
-- Dumping data for table `sys_user_theme`
--

LOCK TABLES `sys_user_theme` WRITE;
/*!40000 ALTER TABLE `sys_user_theme` DISABLE KEYS */;
INSERT INTO `sys_user_theme` VALUES ('admin','1004'),('caadmin','1001'),('demo','1001'),('ftpadmin','1001');
/*!40000 ALTER TABLE `sys_user_theme` ENABLE KEYS */;
UNLOCK TABLES;

--
-- Dumping routines for database 'test'
--
/*!40103 SET TIME_ZONE=@OLD_TIME_ZONE */;

/*!40101 SET SQL_MODE=@OLD_SQL_MODE */;
/*!40014 SET FOREIGN_KEY_CHECKS=@OLD_FOREIGN_KEY_CHECKS */;
/*!40014 SET UNIQUE_CHECKS=@OLD_UNIQUE_CHECKS */;
/*!40101 SET CHARACTER_SET_CLIENT=@OLD_CHARACTER_SET_CLIENT */;
/*!40101 SET CHARACTER_SET_RESULTS=@OLD_CHARACTER_SET_RESULTS */;
/*!40101 SET COLLATION_CONNECTION=@OLD_COLLATION_CONNECTION */;
/*!40111 SET SQL_NOTES=@OLD_SQL_NOTES */;

-- Dump completed on 2017-08-01 23:57:20
